tic,Tmag,Teff,rad,mass,d,fname,url
401984769,13.5085,2777.0,0.120014,0.0958371,,tess2026137223500-s0104-0000000401984769-0306-s_lc.fits,https://mast.stsci.edu/api/v0.1/Download/file/?uri=mast:TESS/product/tess2026137223500-s0104-0000000401984769-0306-s_lc.fits
192642951,12.889,2820.0,0.128491,0.103483,11.2591,tess2026137223500-s0104-0000000192642951-0306-s_lc.fits,https://mast.stsci.edu/api/v0.1/Download/file/?uri=mast:TESS/product/tess2026137223500-s0104-0000000192642951-0306-s_lc.fits
201688405,13.8444,2821.0,0.128664,0.103636,18.073,tess2026137223500-s0104-0000000201688405-0306-s_lc.fits,https://mast.stsci.edu/api/v0.1/Download/file/?uri=mast:TESS/product/tess2026137223500-s0104-0000000201688405-0306-s_lc.fits
389051009,13.0324,2832.0,0.133847,0.108182,13.8649,tess2026137223500-s0104-0000000389051009-0306-s_lc.fits,https://mast.stsci.edu/api/v0.1/Download/file/?uri=mast:TESS/product/tess2026137223500-s0104-0000000389051009-0306-s_lc.fits
175516858,12.5308,2972.0,0.13884,0.112541,14.2591,tess2026137223500-s0104-0000000175516858-0306-s_lc.fits,https://mast.stsci.edu/api/v0.1/Download/file/?uri=mast:TESS/product/tess2026137223500-s0104-0000000175516858-0306-s_lc.fits
7150628,13.8558,2925.0,0.148379,0.120903,26.7185,tess2026137223500-s0104-0000000007150628-0306-s_lc.fits,https://mast.stsci.edu/api/v0.1/Download/file/?uri=mast:TESS/product/tess2026137223500-s0104-0000000007150628-0306-s_lc.fits
206556679,13.6539,2884.0,0.152571,0.124613,23.1235,tess2026137223500-s0104-0000000206556679-0306-s_lc.fits,https://mast.stsci.edu/api/v0.1/Download/file/?uri=mast:TESS/product/tess2026137223500-s0104-0000000206556679-0306-s_lc.fits
80315364,12.3746,2953.0,0.159724,0.131009,14.5996,tess2026137223500-s0104-0000000080315364-0306-s_lc.fits,https://mast.stsci.edu/api/v0.1/Download/file/?uri=mast:TESS/product/tess2026137223500-s0104-0000000080315364-0306-s_lc.fits
229158672,13.6348,3059.0,0.160375,0.131596,28.3359,tess2026137223500-s0104-0000000229158672-0306-s_lc.fits,https://mast.stsci.edu/api/v0.1/Download/file/?uri=mast:TESS/product/tess2026137223500-s0104-0000000229158672-0306-s_lc.fits
161174284,11.8795,2964.0,0.16374,0.134642,11.9089,tess2026137223500-s0104-0000000161174284-0306-s_lc.fits,https://mast.stsci.edu/api/v0.1/Download/file/?uri=mast:TESS/product/tess2026137223500-s0104-0000000161174284-0306-s_lc.fits
387220832,12.9136,2817.0,0.16378,0.134678,,tess2026137223500-s0104-0000000387220832-0306-s_lc.fits,https://mast.stsci.edu/api/v0.1/Download/file/?uri=mast:TESS/product/tess2026137223500-s0104-0000000387220832-0306-s_lc.fits
32452177,12.6569,3110.0,0.164525,0.135356,19.9904,tess2026137223500-s0104-0000000032452177-0306-s_lc.fits,https://mast.stsci.edu/api/v0.1/Download/file/?uri=mast:TESS/product/tess2026137223500-s0104-0000000032452177-0306-s_lc.fits
161174286,11.7183,3008.0,0.165217,0.135986,11.9084,tess2026137223500-s0104-0000000161174286-0306-s_lc.fits,https://mast.stsci.edu/api/v0.1/Download/file/?uri=mast:TESS/product/tess2026137223500-s0104-0000000161174286-0306-s_lc.fits
197987557,13.596,2995.0,0.167397,0.137979,27.7589,tess2026137223500-s0104-0000000197987557-0306-s_lc.fits,https://mast.stsci.edu/api/v0.1/Download/file/?uri=mast:TESS/product/tess2026137223500-s0104-0000000197987557-0306-s_lc.fits
320784708,13.7471,2990.0,0.167865,0.138407,29.3952,tess2026137223500-s0104-0000000320784708-0306-s_lc.fits,https://mast.stsci.edu/api/v0.1/Download/file/?uri=mast:TESS/product/tess2026137223500-s0104-0000000320784708-0306-s_lc.fits
42071226,11.1031,2973.0,0.168946,0.1394,8.739,tess2026137223500-s0104-0000000042071226-0306-s_lc.fits,https://mast.stsci.edu/api/v0.1/Download/file/?uri=mast:TESS/product/tess2026137223500-s0104-0000000042071226-0306-s_lc.fits
180444967,13.5345,3080.0,0.169708,0.140101,31.1766,tess2026137223500-s0104-0000000180444967-0306-s_lc.fits,https://mast.stsci.edu/api/v0.1/Download/file/?uri=mast:TESS/product/tess2026137223500-s0104-0000000180444967-0306-s_lc.fits
144067198,13.8784,2852.0,0.176027,0.145963,,tess2026137223500-s0104-0000000144067198-0306-s_lc.fits,https://mast.stsci.edu/api/v0.1/Download/file/?uri=mast:TESS/product/tess2026137223500-s0104-0000000144067198-0306-s_lc.fits
139763851,12.6371,3052.0,0.17858,0.148356,19.8883,tess2026137223500-s0104-0000000139763851-0306-s_lc.fits,https://mast.stsci.edu/api/v0.1/Download/file/?uri=mast:TESS/product/tess2026137223500-s0104-0000000139763851-0306-s_lc.fits
155896947,12.9188,3029.0,0.178912,0.148668,22.7802,tess2026137223500-s0104-0000000155896947-0306-s_lc.fits,https://mast.stsci.edu/api/v0.1/Download/file/?uri=mast:TESS/product/tess2026137223500-s0104-0000000155896947-0306-s_lc.fits
220512758,13.1005,3098.0,0.179199,0.148938,25.8813,tess2026137223500-s0104-0000000220512758-0306-s_lc.fits,https://mast.stsci.edu/api/v0.1/Download/file/?uri=mast:TESS/product/tess2026137223500-s0104-0000000220512758-0306-s_lc.fits
410058152,13.91,3105.0,0.179776,0.149482,37.744,tess2026137223500-s0104-0000000410058152-0306-s_lc.fits,https://mast.stsci.edu/api/v0.1/Download/file/?uri=mast:TESS/product/tess2026137223500-s0104-0000000410058152-0306-s_lc.fits
80432138,13.9009,3093.0,0.182597,0.15215,37.4866,tess2026137223500-s0104-0000000080432138-0306-s_lc.fits,https://mast.stsci.edu/api/v0.1/Download/file/?uri=mast:TESS/product/tess2026137223500-s0104-0000000080432138-0306-s_lc.fits
277771912,12.8777,2974.0,0.185635,0.155043,21.2106,tess2026137223500-s0104-0000000277771912-0306-s_lc.fits,https://mast.stsci.edu/api/v0.1/Download/file/?uri=mast:TESS/product/tess2026137223500-s0104-0000000277771912-0306-s_lc.fits
7129303,13.0812,3064.0,0.186814,0.156171,26.1818,tess2026137223500-s0104-0000000007129303-0306-s_lc.fits,https://mast.stsci.edu/api/v0.1/Download/file/?uri=mast:TESS/product/tess2026137223500-s0104-0000000007129303-0306-s_lc.fits
79301672,13.1687,3085.0,0.188055,0.157362,28.0925,tess2026137223500-s0104-0000000079301672-0306-s_lc.fits,https://mast.stsci.edu/api/v0.1/Download/file/?uri=mast:TESS/product/tess2026137223500-s0104-0000000079301672-0306-s_lc.fits
120506718,12.6923,3117.0,0.188827,0.158105,22.8922,tess2026137223500-s0104-0000000120506718-0306-s_lc.fits,https://mast.stsci.edu/api/v0.1/Download/file/?uri=mast:TESS/product/tess2026137223500-s0104-0000000120506718-0306-s_lc.fits
352438054,12.7207,3444.0,0.189385,0.158642,28.1576,tess2026137223500-s0104-0000000352438054-0306-s_lc.fits,https://mast.stsci.edu/api/v0.1/Download/file/?uri=mast:TESS/product/tess2026137223500-s0104-0000000352438054-0306-s_lc.fits
218700582,12.9145,3287.0,0.189495,0.158748,28.5952,tess2026137223500-s0104-0000000218700582-0306-s_lc.fits,https://mast.stsci.edu/api/v0.1/Download/file/?uri=mast:TESS/product/tess2026137223500-s0104-0000000218700582-0306-s_lc.fits
319673470,12.6622,3221.0,0.189913,0.159152,25.5164,tess2026137223500-s0104-0000000319673470-0306-s_lc.fits,https://mast.stsci.edu/api/v0.1/Download/file/?uri=mast:TESS/product/tess2026137223500-s0104-0000000319673470-0306-s_lc.fits
234523931,13.2341,3127.0,0.193748,0.162869,30.187,tess2026137223500-s0104-0000000234523931-0306-s_lc.fits,https://mast.stsci.edu/api/v0.1/Download/file/?uri=mast:TESS/product/tess2026137223500-s0104-0000000234523931-0306-s_lc.fits
396088793,12.9392,3159.0,0.205332,0.174291,28.4134,tess2026137223500-s0104-0000000396088793-0306-s_lc.fits,https://mast.stsci.edu/api/v0.1/Download/file/?uri=mast:TESS/product/tess2026137223500-s0104-0000000396088793-0306-s_lc.fits
366989133,11.9642,3149.0,0.208428,0.177393,18.6084,tess2026137223500-s0104-0000000366989133-0306-s_lc.fits,https://mast.stsci.edu/api/v0.1/Download/file/?uri=mast:TESS/product/tess2026137223500-s0104-0000000366989133-0306-s_lc.fits
144065598,12.9578,3178.0,0.208761,0.177728,29.7109,tess2026137223500-s0104-0000000144065598-0306-s_lc.fits,https://mast.stsci.edu/api/v0.1/Download/file/?uri=mast:TESS/product/tess2026137223500-s0104-0000000144065598-0306-s_lc.fits
183584918,12.8642,3260.0,0.209396,0.178367,29.8439,tess2026137223500-s0104-0000000183584918-0306-s_lc.fits,https://mast.stsci.edu/api/v0.1/Download/file/?uri=mast:TESS/product/tess2026137223500-s0104-0000000183584918-0306-s_lc.fits
62020444,9.38922,3158.0,0.21187,0.180865,5.91294,tess2026137223500-s0104-0000000062020444-0306-s_lc.fits,https://mast.stsci.edu/api/v0.1/Download/file/?uri=mast:TESS/product/tess2026137223500-s0104-0000000062020444-0306-s_lc.fits
201251167,12.3577,3205.0,0.213166,0.182179,23.7516,tess2026137223500-s0104-0000000201251167-0306-s_lc.fits,https://mast.stsci.edu/api/v0.1/Download/file/?uri=mast:TESS/product/tess2026137223500-s0104-0000000201251167-0306-s_lc.fits
32255963,13.1965,2971.0,0.216464,0.185537,,tess2026137223500-s0104-0000000032255963-0306-s_lc.fits,https://mast.stsci.edu/api/v0.1/Download/file/?uri=mast:TESS/product/tess2026137223500-s0104-0000000032255963-0306-s_lc.fits
206604031,12.6878,3095.0,0.218845,0.187975,25.7043,tess2026137223500-s0104-0000000206604031-0306-s_lc.fits,https://mast.stsci.edu/api/v0.1/Download/file/?uri=mast:TESS/product/tess2026137223500-s0104-0000000206604031-0306-s_lc.fits
370142187,12.3208,3160.0,0.219694,0.188847,22.8437,tess2026137223500-s0104-0000000370142187-0306-s_lc.fits,https://mast.stsci.edu/api/v0.1/Download/file/?uri=mast:TESS/product/tess2026137223500-s0104-0000000370142187-0306-s_lc.fits
113233475,12.4532,3027.0,0.222541,0.191783,23.6314,tess2026137223500-s0104-0000000113233475-0306-s_lc.fits,https://mast.stsci.edu/api/v0.1/Download/file/?uri=mast:TESS/product/tess2026137223500-s0104-0000000113233475-0306-s_lc.fits
91515785,13.0567,3186.0,0.222848,0.1921,34.9452,tess2026137223500-s0104-0000000091515785-0306-s_lc.fits,https://mast.stsci.edu/api/v0.1/Download/file/?uri=mast:TESS/product/tess2026137223500-s0104-0000000091515785-0306-s_lc.fits
67649023,12.7578,3100.0,0.223067,0.192327,27.7771,tess2026137223500-s0104-0000000067649023-0306-s_lc.fits,https://mast.stsci.edu/api/v0.1/Download/file/?uri=mast:TESS/product/tess2026137223500-s0104-0000000067649023-0306-s_lc.fits
122504264,13.1621,3181.0,0.22389,0.19318,35.3959,tess2026137223500-s0104-0000000122504264-0306-s_lc.fits,https://mast.stsci.edu/api/v0.1/Download/file/?uri=mast:TESS/product/tess2026137223500-s0104-0000000122504264-0306-s_lc.fits
48977791,13.9682,2961.0,0.224474,0.193785,44.4091,tess2026137223500-s0104-0000000048977791-0306-s_lc.fits,https://mast.stsci.edu/api/v0.1/Download/file/?uri=mast:TESS/product/tess2026137223500-s0104-0000000048977791-0306-s_lc.fits
354170042,12.2481,3169.0,0.224551,0.193865,23.4556,tess2026137223500-s0104-0000000354170042-0306-s_lc.fits,https://mast.stsci.edu/api/v0.1/Download/file/?uri=mast:TESS/product/tess2026137223500-s0104-0000000354170042-0306-s_lc.fits
410058419,13.9897,3071.0,0.225395,0.194741,48.9719,tess2026137223500-s0104-0000000410058419-0306-s_lc.fits,https://mast.stsci.edu/api/v0.1/Download/file/?uri=mast:TESS/product/tess2026137223500-s0104-0000000410058419-0306-s_lc.fits
206361339,11.737,3195.0,0.227105,0.196521,19.4616,tess2026137223500-s0104-0000000206361339-0306-s_lc.fits,https://mast.stsci.edu/api/v0.1/Download/file/?uri=mast:TESS/product/tess2026137223500-s0104-0000000206361339-0306-s_lc.fits
158237409,12.3714,3414.0,0.227683,0.197124,28.9646,tess2026137223500-s0104-0000000158237409-0306-s_lc.fits,https://mast.stsci.edu/api/v0.1/Download/file/?uri=mast:TESS/product/tess2026137223500-s0104-0000000158237409-0306-s_lc.fits
200230413,11.98,3063.0,0.23142,0.201036,,tess2026137223500-s0104-0000000200230413-0306-s_lc.fits,https://mast.stsci.edu/api/v0.1/Download/file/?uri=mast:TESS/product/tess2026137223500-s0104-0000000200230413-0306-s_lc.fits
314671211,11.9659,3199.0,0.232039,0.201687,21.1389,tess2026137223500-s0104-0000000314671211-0306-s_lc.fits,https://mast.stsci.edu/api/v0.1/Download/file/?uri=mast:TESS/product/tess2026137223500-s0104-0000000314671211-0306-s_lc.fits
254191477,12.8372,3269.0,0.232259,0.201919,31.5619,tess2026137223500-s0104-0000000254191477-0306-s_lc.fits,https://mast.stsci.edu/api/v0.1/Download/file/?uri=mast:TESS/product/tess2026137223500-s0104-0000000254191477-0306-s_lc.fits
325275978,12.534,3318.0,0.232651,0.202331,29.3373,tess2026137223500-s0104-0000000325275978-0306-s_lc.fits,https://mast.stsci.edu/api/v0.1/Download/file/?uri=mast:TESS/product/tess2026137223500-s0104-0000000325275978-0306-s_lc.fits
320202927,12.593,3438.0,0.233931,0.203681,33.3279,tess2026137223500-s0104-0000000320202927-0306-s_lc.fits,https://mast.stsci.edu/api/v0.1/Download/file/?uri=mast:TESS/product/tess2026137223500-s0104-0000000320202927-0306-s_lc.fits
412050326,13.162,3110.0,0.233997,0.20375,,tess2026137223500-s0104-0000000412050326-0306-s_lc.fits,https://mast.stsci.edu/api/v0.1/Download/file/?uri=mast:TESS/product/tess2026137223500-s0104-0000000412050326-0306-s_lc.fits
100908289,12.9583,3284.0,0.235096,0.204912,36.6886,tess2026137223500-s0104-0000000100908289-0306-s_lc.fits,https://mast.stsci.edu/api/v0.1/Download/file/?uri=mast:TESS/product/tess2026137223500-s0104-0000000100908289-0306-s_lc.fits
129764950,13.0447,2945.0,0.235647,0.205494,30.3613,tess2026137223500-s0104-0000000129764950-0306-s_lc.fits,https://mast.stsci.edu/api/v0.1/Download/file/?uri=mast:TESS/product/tess2026137223500-s0104-0000000129764950-0306-s_lc.fits
123366965,9.84507,3406.0,0.237209,0.207149,9.3687,tess2026137223500-s0104-0000000123366965-0306-s_lc.fits,https://mast.stsci.edu/api/v0.1/Download/file/?uri=mast:TESS/product/tess2026137223500-s0104-0000000123366965-0306-s_lc.fits
118271813,12.2806,3201.0,0.239004,0.209057,25.7463,tess2026137223500-s0104-0000000118271813-0306-s_lc.fits,https://mast.stsci.edu/api/v0.1/Download/file/?uri=mast:TESS/product/tess2026137223500-s0104-0000000118271813-0306-s_lc.fits
318606698,11.7012,3197.0,0.239498,0.209582,19.3537,tess2026137223500-s0104-0000000318606698-0306-s_lc.fits,https://mast.stsci.edu/api/v0.1/Download/file/?uri=mast:TESS/product/tess2026137223500-s0104-0000000318606698-0306-s_lc.fits
140478472,12.4053,3078.0,0.239871,0.20998,25.2439,tess2026137223500-s0104-0000000140478472-0306-s_lc.fits,https://mast.stsci.edu/api/v0.1/Download/file/?uri=mast:TESS/product/tess2026137223500-s0104-0000000140478472-0306-s_lc.fits
155895287,13.4963,3067.0,0.241309,0.211514,41.591,tess2026137223500-s0104-0000000155895287-0306-s_lc.fits,https://mast.stsci.edu/api/v0.1/Download/file/?uri=mast:TESS/product/tess2026137223500-s0104-0000000155895287-0306-s_lc.fits
312268349,13.0382,3205.0,0.242191,0.212457,36.4971,tess2026137223500-s0104-0000000312268349-0306-s_lc.fits,https://mast.stsci.edu/api/v0.1/Download/file/?uri=mast:TESS/product/tess2026137223500-s0104-0000000312268349-0306-s_lc.fits
111289424,12.7295,3269.0,0.242516,0.212805,33.5385,tess2026137223500-s0104-0000000111289424-0306-s_lc.fits,https://mast.stsci.edu/api/v0.1/Download/file/?uri=mast:TESS/product/tess2026137223500-s0104-0000000111289424-0306-s_lc.fits
425937008,13.5995,3100.0,0.24257,0.212863,,tess2026137223500-s0104-0000000425937008-0306-s_lc.fits,https://mast.stsci.edu/api/v0.1/Download/file/?uri=mast:TESS/product/tess2026137223500-s0104-0000000425937008-0306-s_lc.fits
351471282,13.1005,3301.0,0.243684,0.214056,40.3451,tess2026137223500-s0104-0000000351471282-0306-s_lc.fits,https://mast.stsci.edu/api/v0.1/Download/file/?uri=mast:TESS/product/tess2026137223500-s0104-0000000351471282-0306-s_lc.fits
197949763,12.8101,3269.0,0.243939,0.214329,34.8597,tess2026137223500-s0104-0000000197949763-0306-s_lc.fits,https://mast.stsci.edu/api/v0.1/Download/file/?uri=mast:TESS/product/tess2026137223500-s0104-0000000197949763-0306-s_lc.fits
340794574,13.4896,3185.0,0.244183,0.214592,45.5653,tess2026137223500-s0104-0000000340794574-0306-s_lc.fits,https://mast.stsci.edu/api/v0.1/Download/file/?uri=mast:TESS/product/tess2026137223500-s0104-0000000340794574-0306-s_lc.fits
406026016,12.7638,3362.0,0.244484,0.214914,36.063,tess2026137223500-s0104-0000000406026016-0306-s_lc.fits,https://mast.stsci.edu/api/v0.1/Download/file/?uri=mast:TESS/product/tess2026137223500-s0104-0000000406026016-0306-s_lc.fits
421985503,13.8114,3129.0,0.244669,0.215113,50.658,tess2026137223500-s0104-0000000421985503-0306-s_lc.fits,https://mast.stsci.edu/api/v0.1/Download/file/?uri=mast:TESS/product/tess2026137223500-s0104-0000000421985503-0306-s_lc.fits
80166567,12.0259,3185.0,0.244702,0.215149,23.1162,tess2026137223500-s0104-0000000080166567-0306-s_lc.fits,https://mast.stsci.edu/api/v0.1/Download/file/?uri=mast:TESS/product/tess2026137223500-s0104-0000000080166567-0306-s_lc.fits
345083618,12.9335,3532.0,0.245034,0.215505,44.5049,tess2026137223500-s0104-0000000345083618-0306-s_lc.fits,https://mast.stsci.edu/api/v0.1/Download/file/?uri=mast:TESS/product/tess2026137223500-s0104-0000000345083618-0306-s_lc.fits
120550089,12.7157,3246.0,0.245428,0.215928,33.3755,tess2026137223500-s0104-0000000120550089-0306-s_lc.fits,https://mast.stsci.edu/api/v0.1/Download/file/?uri=mast:TESS/product/tess2026137223500-s0104-0000000120550089-0306-s_lc.fits
229152539,10.9181,3155.0,0.24616,0.216716,13.4137,tess2026137223500-s0104-0000000229152539-0306-s_lc.fits,https://mast.stsci.edu/api/v0.1/Download/file/?uri=mast:TESS/product/tess2026137223500-s0104-0000000229152539-0306-s_lc.fits
370239521,13.7241,4130.0,0.246691,0.217287,54.1062,tess2026137223500-s0104-0000000370239521-0306-s_lc.fits,https://mast.stsci.edu/api/v0.1/Download/file/?uri=mast:TESS/product/tess2026137223500-s0104-0000000370239521-0306-s_lc.fits
281780792,12.8686,3179.0,0.247207,0.217843,34.6668,tess2026137223500-s0104-0000000281780792-0306-s_lc.fits,https://mast.stsci.edu/api/v0.1/Download/file/?uri=mast:TESS/product/tess2026137223500-s0104-0000000281780792-0306-s_lc.fits
352434523,11.4054,3347.0,0.247285,0.217927,19.439,tess2026137223500-s0104-0000000352434523-0306-s_lc.fits,https://mast.stsci.edu/api/v0.1/Download/file/?uri=mast:TESS/product/tess2026137223500-s0104-0000000352434523-0306-s_lc.fits
129138718,11.7147,3141.0,0.247619,0.218288,19.2205,tess2026137223500-s0104-0000000129138718-0306-s_lc.fits,https://mast.stsci.edu/api/v0.1/Download/file/?uri=mast:TESS/product/tess2026137223500-s0104-0000000129138718-0306-s_lc.fits
351339273,10.394,3352.0,0.247981,0.218679,12.8384,tess2026137223500-s0104-0000000351339273-0306-s_lc.fits,https://mast.stsci.edu/api/v0.1/Download/file/?uri=mast:TESS/product/tess2026137223500-s0104-0000000351339273-0306-s_lc.fits
62301042,13.1244,3305.0,0.248513,0.219253,41.4769,tess2026137223500-s0104-0000000062301042-0306-s_lc.fits,https://mast.stsci.edu/api/v0.1/Download/file/?uri=mast:TESS/product/tess2026137223500-s0104-0000000062301042-0306-s_lc.fits
277751234,13.4223,3090.0,0.248673,0.219426,,tess2026137223500-s0104-0000000277751234-0306-s_lc.fits,https://mast.stsci.edu/api/v0.1/Download/file/?uri=mast:TESS/product/tess2026137223500-s0104-0000000277751234-0306-s_lc.fits
234548444,13.7892,2970.0,0.248919,0.219692,47.6036,tess2026137223500-s0104-0000000234548444-0306-s_lc.fits,https://mast.stsci.edu/api/v0.1/Download/file/?uri=mast:TESS/product/tess2026137223500-s0104-0000000234548444-0306-s_lc.fits
100606049,12.694,3232.0,0.249059,0.219843,33.6455,tess2026137223500-s0104-0000000100606049-0306-s_lc.fits,https://mast.stsci.edu/api/v0.1/Download/file/?uri=mast:TESS/product/tess2026137223500-s0104-0000000100606049-0306-s_lc.fits
206617113,12.8193,3204.0,0.249955,0.220811,34.7026,tess2026137223500-s0104-0000000206617113-0306-s_lc.fits,https://mast.stsci.edu/api/v0.1/Download/file/?uri=mast:TESS/product/tess2026137223500-s0104-0000000206617113-0306-s_lc.fits
201226029,13.5421,2948.0,0.250931,0.22187,42.7323,tess2026137223500-s0104-0000000201226029-0306-s_lc.fits,https://mast.stsci.edu/api/v0.1/Download/file/?uri=mast:TESS/product/tess2026137223500-s0104-0000000201226029-0306-s_lc.fits
74185907,12.1147,3185.0,0.251972,0.222998,25.5313,tess2026137223500-s0104-0000000074185907-0306-s_lc.fits,https://mast.stsci.edu/api/v0.1/Download/file/?uri=mast:TESS/product/tess2026137223500-s0104-0000000074185907-0306-s_lc.fits
142216895,11.956,3315.0,0.25224,0.223289,25.2475,tess2026137223500-s0104-0000000142216895-0306-s_lc.fits,https://mast.stsci.edu/api/v0.1/Download/file/?uri=mast:TESS/product/tess2026137223500-s0104-0000000142216895-0306-s_lc.fits
23482015,13.238,3192.0,0.252323,0.223379,42.4606,tess2026137223500-s0104-0000000023482015-0306-s_lc.fits,https://mast.stsci.edu/api/v0.1/Download/file/?uri=mast:TESS/product/tess2026137223500-s0104-0000000023482015-0306-s_lc.fits
219119821,12.9204,3261.0,0.252522,0.223596,37.3586,tess2026137223500-s0104-0000000219119821-0306-s_lc.fits,https://mast.stsci.edu/api/v0.1/Download/file/?uri=mast:TESS/product/tess2026137223500-s0104-0000000219119821-0306-s_lc.fits
363231583,13.1864,3151.0,0.253389,0.224538,39.3139,tess2026137223500-s0104-0000000363231583-0306-s_lc.fits,https://mast.stsci.edu/api/v0.1/Download/file/?uri=mast:TESS/product/tess2026137223500-s0104-0000000363231583-0306-s_lc.fits
100327960,13.0015,3144.0,0.253553,0.224716,37.3832,tess2026137223500-s0104-0000000100327960-0306-s_lc.fits,https://mast.stsci.edu/api/v0.1/Download/file/?uri=mast:TESS/product/tess2026137223500-s0104-0000000100327960-0306-s_lc.fits
234997090,13.433,3004.0,0.254714,0.225981,42.3855,tess2026137223500-s0104-0000000234997090-0306-s_lc.fits,https://mast.stsci.edu/api/v0.1/Download/file/?uri=mast:TESS/product/tess2026137223500-s0104-0000000234997090-0306-s_lc.fits
265465650,11.9061,3363.0,0.255799,0.227164,25.2811,tess2026137223500-s0104-0000000265465650-0306-s_lc.fits,https://mast.stsci.edu/api/v0.1/Download/file/?uri=mast:TESS/product/tess2026137223500-s0104-0000000265465650-0306-s_lc.fits
314017913,12.5798,3303.0,0.255846,0.227215,33.4265,tess2026137223500-s0104-0000000314017913-0306-s_lc.fits,https://mast.stsci.edu/api/v0.1/Download/file/?uri=mast:TESS/product/tess2026137223500-s0104-0000000314017913-0306-s_lc.fits
139200489,10.9498,3144.0,0.256279,0.227688,,tess2026137223500-s0104-0000000139200489-0306-s_lc.fits,https://mast.stsci.edu/api/v0.1/Download/file/?uri=mast:TESS/product/tess2026137223500-s0104-0000000139200489-0306-s_lc.fits
234495456,13.2152,2974.0,0.256405,0.227826,37.5847,tess2026137223500-s0104-0000000234495456-0306-s_lc.fits,https://mast.stsci.edu/api/v0.1/Download/file/?uri=mast:TESS/product/tess2026137223500-s0104-0000000234495456-0306-s_lc.fits
49593799,11.3929,3229.0,0.257079,0.228562,18.8086,tess2026137223500-s0104-0000000049593799-0306-s_lc.fits,https://mast.stsci.edu/api/v0.1/Download/file/?uri=mast:TESS/product/tess2026137223500-s0104-0000000049593799-0306-s_lc.fits
61089321,12.522,3317.0,0.257858,0.229414,33.4588,tess2026137223500-s0104-0000000061089321-0306-s_lc.fits,https://mast.stsci.edu/api/v0.1/Download/file/?uri=mast:TESS/product/tess2026137223500-s0104-0000000061089321-0306-s_lc.fits
308210382,12.9014,3350.0,0.258064,0.229639,40.4687,tess2026137223500-s0104-0000000308210382-0306-s_lc.fits,https://mast.stsci.edu/api/v0.1/Download/file/?uri=mast:TESS/product/tess2026137223500-s0104-0000000308210382-0306-s_lc.fits
352289599,12.0154,3387.0,0.259326,0.231022,27.6456,tess2026137223500-s0104-0000000352289599-0306-s_lc.fits,https://mast.stsci.edu/api/v0.1/Download/file/?uri=mast:TESS/product/tess2026137223500-s0104-0000000352289599-0306-s_lc.fits
321908537,12.8424,3307.0,0.260913,0.232764,38.8295,tess2026137223500-s0104-0000000321908537-0306-s_lc.fits,https://mast.stsci.edu/api/v0.1/Download/file/?uri=mast:TESS/product/tess2026137223500-s0104-0000000321908537-0306-s_lc.fits
115347396,11.7741,3244.0,0.260943,0.232797,22.7102,tess2026137223500-s0104-0000000115347396-0306-s_lc.fits,https://mast.stsci.edu/api/v0.1/Download/file/?uri=mast:TESS/product/tess2026137223500-s0104-0000000115347396-0306-s_lc.fits
291193946,12.513,3179.0,0.261129,0.233002,31.4476,tess2026137223500-s0104-0000000291193946-0306-s_lc.fits,https://mast.stsci.edu/api/v0.1/Download/file/?uri=mast:TESS/product/tess2026137223500-s0104-0000000291193946-0306-s_lc.fits
206542524,11.2839,3168.0,0.262297,0.234286,17.7126,tess2026137223500-s0104-0000000206542524-0306-s_lc.fits,https://mast.stsci.edu/api/v0.1/Download/file/?uri=mast:TESS/product/tess2026137223500-s0104-0000000206542524-0306-s_lc.fits
156065212,12.9067,3362.0,0.262456,0.234461,42.1498,tess2026137223500-s0104-0000000156065212-0306-s_lc.fits,https://mast.stsci.edu/api/v0.1/Download/file/?uri=mast:TESS/product/tess2026137223500-s0104-0000000156065212-0306-s_lc.fits
120395704,10.1499,3180.0,0.262841,0.234885,10.2365,tess2026137223500-s0104-0000000120395704-0306-s_lc.fits,https://mast.stsci.edu/api/v0.1/Download/file/?uri=mast:TESS/product/tess2026137223500-s0104-0000000120395704-0306-s_lc.fits
262818859,13.4206,3024.0,0.26342,0.235523,43.7404,tess2026137223500-s0104-0000000262818859-0306-s_lc.fits,https://mast.stsci.edu/api/v0.1/Download/file/?uri=mast:TESS/product/tess2026137223500-s0104-0000000262818859-0306-s_lc.fits
394481268,10.305,3335.0,0.26461,0.236835,12.4855,tess2026137223500-s0104-0000000394481268-0306-s_lc.fits,https://mast.stsci.edu/api/v0.1/Download/file/?uri=mast:TESS/product/tess2026137223500-s0104-0000000394481268-0306-s_lc.fits
158565951,13.259,3262.0,0.264825,0.237072,47.4485,tess2026137223500-s0104-0000000158565951-0306-s_lc.fits,https://mast.stsci.edu/api/v0.1/Download/file/?uri=mast:TESS/product/tess2026137223500-s0104-0000000158565951-0306-s_lc.fits
139722169,12.291,3251.0,0.26602,0.238393,29.7814,tess2026137223500-s0104-0000000139722169-0306-s_lc.fits,https://mast.stsci.edu/api/v0.1/Download/file/?uri=mast:TESS/product/tess2026137223500-s0104-0000000139722169-0306-s_lc.fits
339832054,12.3719,3228.0,0.266547,0.238976,30.2946,tess2026137223500-s0104-0000000339832054-0306-s_lc.fits,https://mast.stsci.edu/api/v0.1/Download/file/?uri=mast:TESS/product/tess2026137223500-s0104-0000000339832054-0306-s_lc.fits
229142295,11.1831,3131.0,0.266614,0.23905,17.446,tess2026137223500-s0104-0000000229142295-0306-s_lc.fits,https://mast.stsci.edu/api/v0.1/Download/file/?uri=mast:TESS/product/tess2026137223500-s0104-0000000229142295-0306-s_lc.fits
158596048,11.6933,3401.0,0.267044,0.239526,24.9762,tess2026137223500-s0104-0000000158596048-0306-s_lc.fits,https://mast.stsci.edu/api/v0.1/Download/file/?uri=mast:TESS/product/tess2026137223500-s0104-0000000158596048-0306-s_lc.fits
129740271,13.8452,3202.0,0.267444,0.23997,57.8763,tess2026137223500-s0104-0000000129740271-0306-s_lc.fits,https://mast.stsci.edu/api/v0.1/Download/file/?uri=mast:TESS/product/tess2026137223500-s0104-0000000129740271-0306-s_lc.fits
165901998,13.1926,3078.0,0.267947,0.240526,,tess2026137223500-s0104-0000000165901998-0306-s_lc.fits,https://mast.stsci.edu/api/v0.1/Download/file/?uri=mast:TESS/product/tess2026137223500-s0104-0000000165901998-0306-s_lc.fits
66410455,12.6447,3271.0,0.268407,0.241037,36.3209,tess2026137223500-s0104-0000000066410455-0306-s_lc.fits,https://mast.stsci.edu/api/v0.1/Download/file/?uri=mast:TESS/product/tess2026137223500-s0104-0000000066410455-0306-s_lc.fits
387195222,12.8597,3322.0,0.268432,0.241064,42.7172,tess2026137223500-s0104-0000000387195222-0306-s_lc.fits,https://mast.stsci.edu/api/v0.1/Download/file/?uri=mast:TESS/product/tess2026137223500-s0104-0000000387195222-0306-s_lc.fits
246807853,11.5796,3293.0,0.269035,0.241733,22.2415,tess2026137223500-s0104-0000000246807853-0306-s_lc.fits,https://mast.stsci.edu/api/v0.1/Download/file/?uri=mast:TESS/product/tess2026137223500-s0104-0000000246807853-0306-s_lc.fits
87534972,13.2877,3215.0,0.269122,0.241829,46.7229,tess2026137223500-s0104-0000000087534972-0306-s_lc.fits,https://mast.stsci.edu/api/v0.1/Download/file/?uri=mast:TESS/product/tess2026137223500-s0104-0000000087534972-0306-s_lc.fits
381920488,12.9212,3313.0,0.271441,0.244406,43.1686,tess2026137223500-s0104-0000000381920488-0306-s_lc.fits,https://mast.stsci.edu/api/v0.1/Download/file/?uri=mast:TESS/product/tess2026137223500-s0104-0000000381920488-0306-s_lc.fits
32396533,12.8987,3435.0,0.272506,0.245592,46.2589,tess2026137223500-s0104-0000000032396533-0306-s_lc.fits,https://mast.stsci.edu/api/v0.1/Download/file/?uri=mast:TESS/product/tess2026137223500-s0104-0000000032396533-0306-s_lc.fits
469869546,13.2676,3371.0,0.272611,0.245709,52.3834,tess2026137223500-s0104-0000000469869546-0306-s_lc.fits,https://mast.stsci.edu/api/v0.1/Download/file/?uri=mast:TESS/product/tess2026137223500-s0104-0000000469869546-0306-s_lc.fits
100504104,12.731,3251.0,0.272986,0.246127,37.6622,tess2026137223500-s0104-0000000100504104-0306-s_lc.fits,https://mast.stsci.edu/api/v0.1/Download/file/?uri=mast:TESS/product/tess2026137223500-s0104-0000000100504104-0306-s_lc.fits
350190949,13.9495,3361.0,0.273103,0.246257,70.7827,tess2026137223500-s0104-0000000350190949-0306-s_lc.fits,https://mast.stsci.edu/api/v0.1/Download/file/?uri=mast:TESS/product/tess2026137223500-s0104-0000000350190949-0306-s_lc.fits
387267717,13.632,3288.0,0.273377,0.246563,58.4048,tess2026137223500-s0104-0000000387267717-0306-s_lc.fits,https://mast.stsci.edu/api/v0.1/Download/file/?uri=mast:TESS/product/tess2026137223500-s0104-0000000387267717-0306-s_lc.fits
161267354,13.6546,3166.0,0.273486,0.246685,55.3675,tess2026137223500-s0104-0000000161267354-0306-s_lc.fits,https://mast.stsci.edu/api/v0.1/Download/file/?uri=mast:TESS/product/tess2026137223500-s0104-0000000161267354-0306-s_lc.fits
32432955,12.762,3117.0,0.273494,0.246693,,tess2026137223500-s0104-0000000032432955-0306-s_lc.fits,https://mast.stsci.edu/api/v0.1/Download/file/?uri=mast:TESS/product/tess2026137223500-s0104-0000000032432955-0306-s_lc.fits
316216275,13.7915,3288.0,0.274653,0.247987,61.4699,tess2026137223500-s0104-0000000316216275-0306-s_lc.fits,https://mast.stsci.edu/api/v0.1/Download/file/?uri=mast:TESS/product/tess2026137223500-s0104-0000000316216275-0306-s_lc.fits
95856072,13.7854,3303.0,0.274765,0.248111,67.0614,tess2026137223500-s0104-0000000095856072-0306-s_lc.fits,https://mast.stsci.edu/api/v0.1/Download/file/?uri=mast:TESS/product/tess2026137223500-s0104-0000000095856072-0306-s_lc.fits
237880881,13.4739,2956.0,0.274847,0.248203,46.0075,tess2026137223500-s0104-0000000237880881-0306-s_lc.fits,https://mast.stsci.edu/api/v0.1/Download/file/?uri=mast:TESS/product/tess2026137223500-s0104-0000000237880881-0306-s_lc.fits
456618376,12.3981,3258.0,0.27489,0.248251,32.6219,tess2026137223500-s0104-0000000456618376-0306-s_lc.fits,https://mast.stsci.edu/api/v0.1/Download/file/?uri=mast:TESS/product/tess2026137223500-s0104-0000000456618376-0306-s_lc.fits
355650616,12.9882,3267.0,0.275048,0.248427,43.9346,tess2026137223500-s0104-0000000355650616-0306-s_lc.fits,https://mast.stsci.edu/api/v0.1/Download/file/?uri=mast:TESS/product/tess2026137223500-s0104-0000000355650616-0306-s_lc.fits
268813663,11.7477,3332.0,0.276053,0.24955,27.2834,tess2026137223500-s0104-0000000268813663-0306-s_lc.fits,https://mast.stsci.edu/api/v0.1/Download/file/?uri=mast:TESS/product/tess2026137223500-s0104-0000000268813663-0306-s_lc.fits
341364194,12.3384,3307.0,0.276162,0.249672,32.6817,tess2026137223500-s0104-0000000341364194-0306-s_lc.fits,https://mast.stsci.edu/api/v0.1/Download/file/?uri=mast:TESS/product/tess2026137223500-s0104-0000000341364194-0306-s_lc.fits
100100909,13.167,2877.0,0.276574,0.250134,,tess2026137223500-s0104-0000000100100909-0306-s_lc.fits,https://mast.stsci.edu/api/v0.1/Download/file/?uri=mast:TESS/product/tess2026137223500-s0104-0000000100100909-0306-s_lc.fits
129740457,12.494,3091.0,0.277166,0.250796,31.2888,tess2026137223500-s0104-0000000129740457-0306-s_lc.fits,https://mast.stsci.edu/api/v0.1/Download/file/?uri=mast:TESS/product/tess2026137223500-s0104-0000000129740457-0306-s_lc.fits
231828950,13.2583,3047.0,0.278478,0.252266,44.3245,tess2026137223500-s0104-0000000231828950-0306-s_lc.fits,https://mast.stsci.edu/api/v0.1/Download/file/?uri=mast:TESS/product/tess2026137223500-s0104-0000000231828950-0306-s_lc.fits
219319398,12.3698,3188.0,0.278511,0.252302,31.0387,tess2026137223500-s0104-0000000219319398-0306-s_lc.fits,https://mast.stsci.edu/api/v0.1/Download/file/?uri=mast:TESS/product/tess2026137223500-s0104-0000000219319398-0306-s_lc.fits
360916373,13.4255,3237.0,0.278706,0.252521,52.2478,tess2026137223500-s0104-0000000360916373-0306-s_lc.fits,https://mast.stsci.edu/api/v0.1/Download/file/?uri=mast:TESS/product/tess2026137223500-s0104-0000000360916373-0306-s_lc.fits
466207657,12.9493,3361.0,0.279163,0.253033,46.8727,tess2026137223500-s0104-0000000466207657-0306-s_lc.fits,https://mast.stsci.edu/api/v0.1/Download/file/?uri=mast:TESS/product/tess2026137223500-s0104-0000000466207657-0306-s_lc.fits
79020913,10.7036,3273.0,0.279322,0.253211,35.626358,tess2026137223500-s0104-0000000079020913-0306-s_lc.fits,https://mast.stsci.edu/api/v0.1/Download/file/?uri=mast:TESS/product/tess2026137223500-s0104-0000000079020913-0306-s_lc.fits
38820496,13.2972,3013.0,0.279345,0.253237,44.0615,tess2026137223500-s0104-0000000038820496-0306-s_lc.fits,https://mast.stsci.edu/api/v0.1/Download/file/?uri=mast:TESS/product/tess2026137223500-s0104-0000000038820496-0306-s_lc.fits
161264659,12.5451,3349.0,0.280259,0.254263,36.8773,tess2026137223500-s0104-0000000161264659-0306-s_lc.fits,https://mast.stsci.edu/api/v0.1/Download/file/?uri=mast:TESS/product/tess2026137223500-s0104-0000000161264659-0306-s_lc.fits
166578538,12.5346,3382.0,0.281114,0.255224,38.5963,tess2026137223500-s0104-0000000166578538-0306-s_lc.fits,https://mast.stsci.edu/api/v0.1/Download/file/?uri=mast:TESS/product/tess2026137223500-s0104-0000000166578538-0306-s_lc.fits
234497476,13.1658,3049.0,0.281191,0.25531,43.4999,tess2026137223500-s0104-0000000234497476-0306-s_lc.fits,https://mast.stsci.edu/api/v0.1/Download/file/?uri=mast:TESS/product/tess2026137223500-s0104-0000000234497476-0306-s_lc.fits
61727261,13.5344,3359.0,0.281314,0.255449,60.7458,tess2026137223500-s0104-0000000061727261-0306-s_lc.fits,https://mast.stsci.edu/api/v0.1/Download/file/?uri=mast:TESS/product/tess2026137223500-s0104-0000000061727261-0306-s_lc.fits
67649637,12.7408,3112.0,0.281363,0.255503,36.2247,tess2026137223500-s0104-0000000067649637-0306-s_lc.fits,https://mast.stsci.edu/api/v0.1/Download/file/?uri=mast:TESS/product/tess2026137223500-s0104-0000000067649637-0306-s_lc.fits
100414663,13.5884,3250.0,0.281785,0.255978,57.0148,tess2026137223500-s0104-0000000100414663-0306-s_lc.fits,https://mast.stsci.edu/api/v0.1/Download/file/?uri=mast:TESS/product/tess2026137223500-s0104-0000000100414663-0306-s_lc.fits
281573574,12.9266,3231.0,0.281838,0.256037,42.6859,tess2026137223500-s0104-0000000281573574-0306-s_lc.fits,https://mast.stsci.edu/api/v0.1/Download/file/?uri=mast:TESS/product/tess2026137223500-s0104-0000000281573574-0306-s_lc.fits
281779297,13.1103,3072.0,0.281865,0.256068,42.4752,tess2026137223500-s0104-0000000281779297-0306-s_lc.fits,https://mast.stsci.edu/api/v0.1/Download/file/?uri=mast:TESS/product/tess2026137223500-s0104-0000000281779297-0306-s_lc.fits
158637035,12.8948,3186.0,0.281879,0.256083,39.6972,tess2026137223500-s0104-0000000158637035-0306-s_lc.fits,https://mast.stsci.edu/api/v0.1/Download/file/?uri=mast:TESS/product/tess2026137223500-s0104-0000000158637035-0306-s_lc.fits
91638342,12.3305,3191.0,0.282194,0.256438,30.8136,tess2026137223500-s0104-0000000091638342-0306-s_lc.fits,https://mast.stsci.edu/api/v0.1/Download/file/?uri=mast:TESS/product/tess2026137223500-s0104-0000000091638342-0306-s_lc.fits
144325359,11.1574,3371.0,0.282349,0.256613,20.3156,tess2026137223500-s0104-0000000144325359-0306-s_lc.fits,https://mast.stsci.edu/api/v0.1/Download/file/?uri=mast:TESS/product/tess2026137223500-s0104-0000000144325359-0306-s_lc.fits
41862482,12.3514,3143.0,0.282368,0.256633,31.5837,tess2026137223500-s0104-0000000041862482-0306-s_lc.fits,https://mast.stsci.edu/api/v0.1/Download/file/?uri=mast:TESS/product/tess2026137223500-s0104-0000000041862482-0306-s_lc.fits
322051865,12.6871,3274.0,0.285317,0.259956,40.447,tess2026137223500-s0104-0000000322051865-0306-s_lc.fits,https://mast.stsci.edu/api/v0.1/Download/file/?uri=mast:TESS/product/tess2026137223500-s0104-0000000322051865-0306-s_lc.fits
220347029,12.95,3353.0,0.286277,0.26104,46.8426,tess2026137223500-s0104-0000000220347029-0306-s_lc.fits,https://mast.stsci.edu/api/v0.1/Download/file/?uri=mast:TESS/product/tess2026137223500-s0104-0000000220347029-0306-s_lc.fits
350215424,13.2016,3019.0,0.28648,0.261269,43.6728,tess2026137223500-s0104-0000000350215424-0306-s_lc.fits,https://mast.stsci.edu/api/v0.1/Download/file/?uri=mast:TESS/product/tess2026137223500-s0104-0000000350215424-0306-s_lc.fits
410344317,12.1033,3258.0,0.286488,0.261277,30.3826,tess2026137223500-s0104-0000000410344317-0306-s_lc.fits,https://mast.stsci.edu/api/v0.1/Download/file/?uri=mast:TESS/product/tess2026137223500-s0104-0000000410344317-0306-s_lc.fits
6408097,12.8275,3508.0,0.287322,0.26222,47.2004,tess2026137223500-s0104-0000000006408097-0306-s_lc.fits,https://mast.stsci.edu/api/v0.1/Download/file/?uri=mast:TESS/product/tess2026137223500-s0104-0000000006408097-0306-s_lc.fits
231055581,9.26953,3284.0,0.287941,0.262919,8.21242,tess2026137223500-s0104-0000000231055581-0306-s_lc.fits,https://mast.stsci.edu/api/v0.1/Download/file/?uri=mast:TESS/product/tess2026137223500-s0104-0000000231055581-0306-s_lc.fits
219315573,11.5563,3322.0,0.288872,0.263973,24.4434,tess2026137223500-s0104-0000000219315573-0306-s_lc.fits,https://mast.stsci.edu/api/v0.1/Download/file/?uri=mast:TESS/product/tess2026137223500-s0104-0000000219315573-0306-s_lc.fits
120248356,12.895,3214.0,0.289387,0.264555,41.5043,tess2026137223500-s0104-0000000120248356-0306-s_lc.fits,https://mast.stsci.edu/api/v0.1/Download/file/?uri=mast:TESS/product/tess2026137223500-s0104-0000000120248356-0306-s_lc.fits
354605294,11.969,3553.0,0.289491,0.264673,73.9722061,tess2026137223500-s0104-0000000354605294-0306-s_lc.fits,https://mast.stsci.edu/api/v0.1/Download/file/?uri=mast:TESS/product/tess2026137223500-s0104-0000000354605294-0306-s_lc.fits
61894353,13.9939,3174.0,0.290727,0.266073,68.2204,tess2026137223500-s0104-0000000061894353-0306-s_lc.fits,https://mast.stsci.edu/api/v0.1/Download/file/?uri=mast:TESS/product/tess2026137223500-s0104-0000000061894353-0306-s_lc.fits
11637549,12.754,3265.0,0.290812,0.266169,40.7443,tess2026137223500-s0104-0000000011637549-0306-s_lc.fits,https://mast.stsci.edu/api/v0.1/Download/file/?uri=mast:TESS/product/tess2026137223500-s0104-0000000011637549-0306-s_lc.fits
406173242,13.5876,2946.0,0.291089,0.266483,51.3532,tess2026137223500-s0104-0000000406173242-0306-s_lc.fits,https://mast.stsci.edu/api/v0.1/Download/file/?uri=mast:TESS/product/tess2026137223500-s0104-0000000406173242-0306-s_lc.fits
237320519,12.526,3308.0,0.291115,0.266513,38.372,tess2026137223500-s0104-0000000237320519-0306-s_lc.fits,https://mast.stsci.edu/api/v0.1/Download/file/?uri=mast:TESS/product/tess2026137223500-s0104-0000000237320519-0306-s_lc.fits
281779461,13.5956,3387.0,0.291259,0.266676,64.9641,tess2026137223500-s0104-0000000281779461-0306-s_lc.fits,https://mast.stsci.edu/api/v0.1/Download/file/?uri=mast:TESS/product/tess2026137223500-s0104-0000000281779461-0306-s_lc.fits
75160399,8.36522,3386.0,0.291681,0.267154,5.88616,tess2026137223500-s0104-0000000075160399-0306-s_lc.fits,https://mast.stsci.edu/api/v0.1/Download/file/?uri=mast:TESS/product/tess2026137223500-s0104-0000000075160399-0306-s_lc.fits
341461092,13.3158,3231.0,0.292173,0.267713,53.0539,tess2026137223500-s0104-0000000341461092-0306-s_lc.fits,https://mast.stsci.edu/api/v0.1/Download/file/?uri=mast:TESS/product/tess2026137223500-s0104-0000000341461092-0306-s_lc.fits
79491341,12.4307,3281.0,0.292741,0.268357,35.8044,tess2026137223500-s0104-0000000079491341-0306-s_lc.fits,https://mast.stsci.edu/api/v0.1/Download/file/?uri=mast:TESS/product/tess2026137223500-s0104-0000000079491341-0306-s_lc.fits
173056702,13.8252,3332.0,0.293595,0.269326,69.7053,tess2026137223500-s0104-0000000173056702-0306-s_lc.fits,https://mast.stsci.edu/api/v0.1/Download/file/?uri=mast:TESS/product/tess2026137223500-s0104-0000000173056702-0306-s_lc.fits
281461138,13.0153,3036.0,0.293752,0.269505,41.6244,tess2026137223500-s0104-0000000281461138-0306-s_lc.fits,https://mast.stsci.edu/api/v0.1/Download/file/?uri=mast:TESS/product/tess2026137223500-s0104-0000000281461138-0306-s_lc.fits
142350859,13.6657,3145.0,0.294103,0.269903,,tess2026137223500-s0104-0000000142350859-0306-s_lc.fits,https://mast.stsci.edu/api/v0.1/Download/file/?uri=mast:TESS/product/tess2026137223500-s0104-0000000142350859-0306-s_lc.fits
79248089,12.7121,3271.0,0.295059,0.27099,41.3885,tess2026137223500-s0104-0000000079248089-0306-s_lc.fits,https://mast.stsci.edu/api/v0.1/Download/file/?uri=mast:TESS/product/tess2026137223500-s0104-0000000079248089-0306-s_lc.fits
143894194,13.8764,3201.0,0.295348,0.271319,67.67,tess2026137223500-s0104-0000000143894194-0306-s_lc.fits,https://mast.stsci.edu/api/v0.1/Download/file/?uri=mast:TESS/product/tess2026137223500-s0104-0000000143894194-0306-s_lc.fits
129766762,12.2222,3323.0,0.29542,0.271401,33.5524,tess2026137223500-s0104-0000000129766762-0306-s_lc.fits,https://mast.stsci.edu/api/v0.1/Download/file/?uri=mast:TESS/product/tess2026137223500-s0104-0000000129766762-0306-s_lc.fits
406321123,11.3217,3308.0,0.295684,0.271701,22.9612,tess2026137223500-s0104-0000000406321123-0306-s_lc.fits,https://mast.stsci.edu/api/v0.1/Download/file/?uri=mast:TESS/product/tess2026137223500-s0104-0000000406321123-0306-s_lc.fits
166283631,12.3397,3351.0,0.295793,0.271825,36.609,tess2026137223500-s0104-0000000166283631-0306-s_lc.fits,https://mast.stsci.edu/api/v0.1/Download/file/?uri=mast:TESS/product/tess2026137223500-s0104-0000000166283631-0306-s_lc.fits
101947957,12.4561,3273.0,0.296919,0.273106,36.9988,tess2026137223500-s0104-0000000101947957-0306-s_lc.fits,https://mast.stsci.edu/api/v0.1/Download/file/?uri=mast:TESS/product/tess2026137223500-s0104-0000000101947957-0306-s_lc.fits
79952399,12.6452,3280.0,0.298788,0.275235,41.5044,tess2026137223500-s0104-0000000079952399-0306-s_lc.fits,https://mast.stsci.edu/api/v0.1/Download/file/?uri=mast:TESS/product/tess2026137223500-s0104-0000000079952399-0306-s_lc.fits
281599277,12.9901,3340.0,0.2995,0.276047,50.2053,tess2026137223500-s0104-0000000281599277-0306-s_lc.fits,https://mast.stsci.edu/api/v0.1/Download/file/?uri=mast:TESS/product/tess2026137223500-s0104-0000000281599277-0306-s_lc.fits
161223769,12.9578,3466.0,0.300618,0.277323,51.9896,tess2026137223500-s0104-0000000161223769-0306-s_lc.fits,https://mast.stsci.edu/api/v0.1/Download/file/?uri=mast:TESS/product/tess2026137223500-s0104-0000000161223769-0306-s_lc.fits
232064182,11.8155,3272.0,0.301026,0.277788,28.3944,tess2026137223500-s0104-0000000232064182-0306-s_lc.fits,https://mast.stsci.edu/api/v0.1/Download/file/?uri=mast:TESS/product/tess2026137223500-s0104-0000000232064182-0306-s_lc.fits
322053216,11.5466,3284.0,0.301884,0.278768,24.9653,tess2026137223500-s0104-0000000322053216-0306-s_lc.fits,https://mast.stsci.edu/api/v0.1/Download/file/?uri=mast:TESS/product/tess2026137223500-s0104-0000000322053216-0306-s_lc.fits
382914770,13.1216,3421.0,0.302308,0.279252,55.3705,tess2026137223500-s0104-0000000382914770-0306-s_lc.fits,https://mast.stsci.edu/api/v0.1/Download/file/?uri=mast:TESS/product/tess2026137223500-s0104-0000000382914770-0306-s_lc.fits
331754686,10.7082,3410.0,0.302742,0.279748,18.3416,tess2026137223500-s0104-0000000331754686-0306-s_lc.fits,https://mast.stsci.edu/api/v0.1/Download/file/?uri=mast:TESS/product/tess2026137223500-s0104-0000000331754686-0306-s_lc.fits
396910296,12.9107,3383.0,0.303092,0.280148,49.8481,tess2026137223500-s0104-0000000396910296-0306-s_lc.fits,https://mast.stsci.edu/api/v0.1/Download/file/?uri=mast:TESS/product/tess2026137223500-s0104-0000000396910296-0306-s_lc.fits
49594649,12.8308,3362.0,0.304188,0.281402,49.2447,tess2026137223500-s0104-0000000049594649-0306-s_lc.fits,https://mast.stsci.edu/api/v0.1/Download/file/?uri=mast:TESS/product/tess2026137223500-s0104-0000000049594649-0306-s_lc.fits
396169532,12.5484,3371.0,0.304279,0.281505,43.7035,tess2026137223500-s0104-0000000396169532-0306-s_lc.fits,https://mast.stsci.edu/api/v0.1/Download/file/?uri=mast:TESS/product/tess2026137223500-s0104-0000000396169532-0306-s_lc.fits
360912453,13.0492,3089.0,0.30462,0.281895,45.9737,tess2026137223500-s0104-0000000360912453-0306-s_lc.fits,https://mast.stsci.edu/api/v0.1/Download/file/?uri=mast:TESS/product/tess2026137223500-s0104-0000000360912453-0306-s_lc.fits
143999207,12.7561,3214.0,0.304887,0.2822,41.819,tess2026137223500-s0104-0000000143999207-0306-s_lc.fits,https://mast.stsci.edu/api/v0.1/Download/file/?uri=mast:TESS/product/tess2026137223500-s0104-0000000143999207-0306-s_lc.fits
101513787,12.8527,3317.0,0.304938,0.282259,,tess2026137223500-s0104-0000000101513787-0306-s_lc.fits,https://mast.stsci.edu/api/v0.1/Download/file/?uri=mast:TESS/product/tess2026137223500-s0104-0000000101513787-0306-s_lc.fits
229092385,12.722,3438.0,0.304952,0.282275,46.6108,tess2026137223500-s0104-0000000229092385-0306-s_lc.fits,https://mast.stsci.edu/api/v0.1/Download/file/?uri=mast:TESS/product/tess2026137223500-s0104-0000000229092385-0306-s_lc.fits
101507892,12.8414,3350.0,0.305541,0.282949,47.5892,tess2026137223500-s0104-0000000101507892-0306-s_lc.fits,https://mast.stsci.edu/api/v0.1/Download/file/?uri=mast:TESS/product/tess2026137223500-s0104-0000000101507892-0306-s_lc.fits
102028926,12.8745,3293.0,0.305753,0.283192,46.868,tess2026137223500-s0104-0000000102028926-0306-s_lc.fits,https://mast.stsci.edu/api/v0.1/Download/file/?uri=mast:TESS/product/tess2026137223500-s0104-0000000102028926-0306-s_lc.fits
469972882,12.7634,3461.0,0.306135,0.283629,50.8087,tess2026137223500-s0104-0000000469972882-0306-s_lc.fits,https://mast.stsci.edu/api/v0.1/Download/file/?uri=mast:TESS/product/tess2026137223500-s0104-0000000469972882-0306-s_lc.fits
158442595,11.7009,3143.0,0.306146,0.283641,38.3995132,tess2026137223500-s0104-0000000158442595-0306-s_lc.fits,https://mast.stsci.edu/api/v0.1/Download/file/?uri=mast:TESS/product/tess2026137223500-s0104-0000000158442595-0306-s_lc.fits
325220064,11.726,3250.0,0.306221,0.283727,40.235157,tess2026137223500-s0104-0000000325220064-0306-s_lc.fits,https://mast.stsci.edu/api/v0.1/Download/file/?uri=mast:TESS/product/tess2026137223500-s0104-0000000325220064-0306-s_lc.fits
253807090,12.2803,3212.0,0.30626,0.283772,34.1315,tess2026137223500-s0104-0000000253807090-0306-s_lc.fits,https://mast.stsci.edu/api/v0.1/Download/file/?uri=mast:TESS/product/tess2026137223500-s0104-0000000253807090-0306-s_lc.fits
341116983,11.1946,3284.0,0.306745,0.284327,21.5672,tess2026137223500-s0104-0000000341116983-0306-s_lc.fits,https://mast.stsci.edu/api/v0.1/Download/file/?uri=mast:TESS/product/tess2026137223500-s0104-0000000341116983-0306-s_lc.fits
197978113,12.2568,3325.0,0.306965,0.28458,36.4062,tess2026137223500-s0104-0000000197978113-0306-s_lc.fits,https://mast.stsci.edu/api/v0.1/Download/file/?uri=mast:TESS/product/tess2026137223500-s0104-0000000197978113-0306-s_lc.fits
33525681,12.7768,3229.0,0.307079,0.28471,43.689,tess2026137223500-s0104-0000000033525681-0306-s_lc.fits,https://mast.stsci.edu/api/v0.1/Download/file/?uri=mast:TESS/product/tess2026137223500-s0104-0000000033525681-0306-s_lc.fits
79273999,12.6552,3403.0,0.307906,0.285658,44.7712,tess2026137223500-s0104-0000000079273999-0306-s_lc.fits,https://mast.stsci.edu/api/v0.1/Download/file/?uri=mast:TESS/product/tess2026137223500-s0104-0000000079273999-0306-s_lc.fits
7222629,11.8381,3424.0,0.308242,0.286043,31.5921,tess2026137223500-s0104-0000000007222629-0306-s_lc.fits,https://mast.stsci.edu/api/v0.1/Download/file/?uri=mast:TESS/product/tess2026137223500-s0104-0000000007222629-0306-s_lc.fits
371796478,12.5799,3286.0,0.308791,0.286673,41.2785,tess2026137223500-s0104-0000000371796478-0306-s_lc.fits,https://mast.stsci.edu/api/v0.1/Download/file/?uri=mast:TESS/product/tess2026137223500-s0104-0000000371796478-0306-s_lc.fits
111368201,13.8012,3326.0,0.309322,0.287281,73.1199,tess2026137223500-s0104-0000000111368201-0306-s_lc.fits,https://mast.stsci.edu/api/v0.1/Download/file/?uri=mast:TESS/product/tess2026137223500-s0104-0000000111368201-0306-s_lc.fits
237883772,13.0906,3142.0,0.31015,0.288231,49.4604,tess2026137223500-s0104-0000000237883772-0306-s_lc.fits,https://mast.stsci.edu/api/v0.1/Download/file/?uri=mast:TESS/product/tess2026137223500-s0104-0000000237883772-0306-s_lc.fits
231888176,10.8214,3366.0,0.310152,0.288234,19.3135,tess2026137223500-s0104-0000000231888176-0306-s_lc.fits,https://mast.stsci.edu/api/v0.1/Download/file/?uri=mast:TESS/product/tess2026137223500-s0104-0000000231888176-0306-s_lc.fits
116880298,11.2215,3610.0,0.310208,0.288297,26.1672,tess2026137223500-s0104-0000000116880298-0306-s_lc.fits,https://mast.stsci.edu/api/v0.1/Download/file/?uri=mast:TESS/product/tess2026137223500-s0104-0000000116880298-0306-s_lc.fits
229147247,12.8488,2950.0,0.310228,0.288321,,tess2026137223500-s0104-0000000229147247-0306-s_lc.fits,https://mast.stsci.edu/api/v0.1/Download/file/?uri=mast:TESS/product/tess2026137223500-s0104-0000000229147247-0306-s_lc.fits
161334513,12.8523,3435.0,0.310913,0.289106,50.765,tess2026137223500-s0104-0000000161334513-0306-s_lc.fits,https://mast.stsci.edu/api/v0.1/Download/file/?uri=mast:TESS/product/tess2026137223500-s0104-0000000161334513-0306-s_lc.fits
111267570,12.0632,3276.0,0.311473,0.28975,32.7886,tess2026137223500-s0104-0000000111267570-0306-s_lc.fits,https://mast.stsci.edu/api/v0.1/Download/file/?uri=mast:TESS/product/tess2026137223500-s0104-0000000111267570-0306-s_lc.fits
7220124,12.0491,3454.0,0.311517,0.2898,35.8094,tess2026137223500-s0104-0000000007220124-0306-s_lc.fits,https://mast.stsci.edu/api/v0.1/Download/file/?uri=mast:TESS/product/tess2026137223500-s0104-0000000007220124-0306-s_lc.fits
234299628,10.7205,3380.0,0.312106,0.290476,18.7242,tess2026137223500-s0104-0000000234299628-0306-s_lc.fits,https://mast.stsci.edu/api/v0.1/Download/file/?uri=mast:TESS/product/tess2026137223500-s0104-0000000234299628-0306-s_lc.fits
341309168,12.839,3230.0,0.31283,0.291307,45.8181,tess2026137223500-s0104-0000000341309168-0306-s_lc.fits,https://mast.stsci.edu/api/v0.1/Download/file/?uri=mast:TESS/product/tess2026137223500-s0104-0000000341309168-0306-s_lc.fits
311410850,13.6221,3255.0,0.312975,0.291474,65.9301,tess2026137223500-s0104-0000000311410850-0306-s_lc.fits,https://mast.stsci.edu/api/v0.1/Download/file/?uri=mast:TESS/product/tess2026137223500-s0104-0000000311410850-0306-s_lc.fits
79180677,12.6984,3435.0,0.314017,0.292672,47.0389,tess2026137223500-s0104-0000000079180677-0306-s_lc.fits,https://mast.stsci.edu/api/v0.1/Download/file/?uri=mast:TESS/product/tess2026137223500-s0104-0000000079180677-0306-s_lc.fits
469971791,12.1034,3334.0,0.314244,0.292933,34.8211,tess2026137223500-s0104-0000000469971791-0306-s_lc.fits,https://mast.stsci.edu/api/v0.1/Download/file/?uri=mast:TESS/product/tess2026137223500-s0104-0000000469971791-0306-s_lc.fits
230952145,12.696,3286.0,0.31472,0.29348,45.2949,tess2026137223500-s0104-0000000230952145-0306-s_lc.fits,https://mast.stsci.edu/api/v0.1/Download/file/?uri=mast:TESS/product/tess2026137223500-s0104-0000000230952145-0306-s_lc.fits
61732255,13.1287,3300.0,0.314967,0.293764,54.5593,tess2026137223500-s0104-0000000061732255-0306-s_lc.fits,https://mast.stsci.edu/api/v0.1/Download/file/?uri=mast:TESS/product/tess2026137223500-s0104-0000000061732255-0306-s_lc.fits
466201150,13.2608,3083.0,0.316211,0.295195,52.5501,tess2026137223500-s0104-0000000466201150-0306-s_lc.fits,https://mast.stsci.edu/api/v0.1/Download/file/?uri=mast:TESS/product/tess2026137223500-s0104-0000000466201150-0306-s_lc.fits
376669899,12.6744,3401.0,0.316489,0.295514,48.5336,tess2026137223500-s0104-0000000376669899-0306-s_lc.fits,https://mast.stsci.edu/api/v0.1/Download/file/?uri=mast:TESS/product/tess2026137223500-s0104-0000000376669899-0306-s_lc.fits
38806360,12.7295,3409.0,0.316535,0.295567,48.8338,tess2026137223500-s0104-0000000038806360-0306-s_lc.fits,https://mast.stsci.edu/api/v0.1/Download/file/?uri=mast:TESS/product/tess2026137223500-s0104-0000000038806360-0306-s_lc.fits
316832344,12.2814,3397.0,0.316707,0.295765,39.5012,tess2026137223500-s0104-0000000316832344-0306-s_lc.fits,https://mast.stsci.edu/api/v0.1/Download/file/?uri=mast:TESS/product/tess2026137223500-s0104-0000000316832344-0306-s_lc.fits
344369070,12.6561,3362.0,0.316789,0.295859,45.8299,tess2026137223500-s0104-0000000344369070-0306-s_lc.fits,https://mast.stsci.edu/api/v0.1/Download/file/?uri=mast:TESS/product/tess2026137223500-s0104-0000000344369070-0306-s_lc.fits
262531321,11.5677,3250.0,0.317125,0.296246,26.225,tess2026137223500-s0104-0000000262531321-0306-s_lc.fits,https://mast.stsci.edu/api/v0.1/Download/file/?uri=mast:TESS/product/tess2026137223500-s0104-0000000262531321-0306-s_lc.fits
119092252,13.5403,3264.0,0.317133,0.296255,64.8828,tess2026137223500-s0104-0000000119092252-0306-s_lc.fits,https://mast.stsci.edu/api/v0.1/Download/file/?uri=mast:TESS/product/tess2026137223500-s0104-0000000119092252-0306-s_lc.fits
319766043,12.5082,3429.0,0.317458,0.296629,44.7998,tess2026137223500-s0104-0000000319766043-0306-s_lc.fits,https://mast.stsci.edu/api/v0.1/Download/file/?uri=mast:TESS/product/tess2026137223500-s0104-0000000319766043-0306-s_lc.fits
140431317,12.9094,3467.0,0.317803,0.297027,57.4987,tess2026137223500-s0104-0000000140431317-0306-s_lc.fits,https://mast.stsci.edu/api/v0.1/Download/file/?uri=mast:TESS/product/tess2026137223500-s0104-0000000140431317-0306-s_lc.fits
79172371,12.6403,3321.0,0.318118,0.297389,46.9882,tess2026137223500-s0104-0000000079172371-0306-s_lc.fits,https://mast.stsci.edu/api/v0.1/Download/file/?uri=mast:TESS/product/tess2026137223500-s0104-0000000079172371-0306-s_lc.fits
238831201,12.9742,2965.0,0.318299,0.297598,43.8019,tess2026137223500-s0104-0000000238831201-0306-s_lc.fits,https://mast.stsci.edu/api/v0.1/Download/file/?uri=mast:TESS/product/tess2026137223500-s0104-0000000238831201-0306-s_lc.fits
155991569,12.9269,3308.0,0.318463,0.297786,50.3463,tess2026137223500-s0104-0000000155991569-0306-s_lc.fits,https://mast.stsci.edu/api/v0.1/Download/file/?uri=mast:TESS/product/tess2026137223500-s0104-0000000155991569-0306-s_lc.fits
118433984,13.2067,3383.0,0.31864,0.29799,61.1316,tess2026137223500-s0104-0000000118433984-0306-s_lc.fits,https://mast.stsci.edu/api/v0.1/Download/file/?uri=mast:TESS/product/tess2026137223500-s0104-0000000118433984-0306-s_lc.fits
234288627,10.2681,3386.0,0.318672,0.298027,15.8387,tess2026137223500-s0104-0000000234288627-0306-s_lc.fits,https://mast.stsci.edu/api/v0.1/Download/file/?uri=mast:TESS/product/tess2026137223500-s0104-0000000234288627-0306-s_lc.fits
355367645,12.7486,3440.0,0.318896,0.298285,50.3148,tess2026137223500-s0104-0000000355367645-0306-s_lc.fits,https://mast.stsci.edu/api/v0.1/Download/file/?uri=mast:TESS/product/tess2026137223500-s0104-0000000355367645-0306-s_lc.fits
87329149,12.9476,3387.0,0.319176,0.298607,53.1331,tess2026137223500-s0104-0000000087329149-0306-s_lc.fits,https://mast.stsci.edu/api/v0.1/Download/file/?uri=mast:TESS/product/tess2026137223500-s0104-0000000087329149-0306-s_lc.fits
115276426,12.152,3324.0,0.319655,0.299159,36.155,tess2026137223500-s0104-0000000115276426-0306-s_lc.fits,https://mast.stsci.edu/api/v0.1/Download/file/?uri=mast:TESS/product/tess2026137223500-s0104-0000000115276426-0306-s_lc.fits
316878455,12.7416,3459.0,0.319962,0.299513,50.8491,tess2026137223500-s0104-0000000316878455-0306-s_lc.fits,https://mast.stsci.edu/api/v0.1/Download/file/?uri=mast:TESS/product/tess2026137223500-s0104-0000000316878455-0306-s_lc.fits
41862041,12.5475,3124.0,0.320135,0.299712,39.8815,tess2026137223500-s0104-0000000041862041-0306-s_lc.fits,https://mast.stsci.edu/api/v0.1/Download/file/?uri=mast:TESS/product/tess2026137223500-s0104-0000000041862041-0306-s_lc.fits
123368775,11.6556,3350.0,0.320168,0.299749,29.2838,tess2026137223500-s0104-0000000123368775-0306-s_lc.fits,https://mast.stsci.edu/api/v0.1/Download/file/?uri=mast:TESS/product/tess2026137223500-s0104-0000000123368775-0306-s_lc.fits
312268273,12.1822,3326.0,0.320868,0.300557,36.5762,tess2026137223500-s0104-0000000312268273-0306-s_lc.fits,https://mast.stsci.edu/api/v0.1/Download/file/?uri=mast:TESS/product/tess2026137223500-s0104-0000000312268273-0306-s_lc.fits
425937691,13.1772,2877.0,0.322573,0.302522,,tess2026137223500-s0104-0000000425937691-0306-s_lc.fits,https://mast.stsci.edu/api/v0.1/Download/file/?uri=mast:TESS/product/tess2026137223500-s0104-0000000425937691-0306-s_lc.fits
469882306,12.9308,3274.0,0.322585,0.302535,49.8725,tess2026137223500-s0104-0000000469882306-0306-s_lc.fits,https://mast.stsci.edu/api/v0.1/Download/file/?uri=mast:TESS/product/tess2026137223500-s0104-0000000469882306-0306-s_lc.fits
142218335,13.1902,3073.0,0.322715,0.302686,52.9027,tess2026137223500-s0104-0000000142218335-0306-s_lc.fits,https://mast.stsci.edu/api/v0.1/Download/file/?uri=mast:TESS/product/tess2026137223500-s0104-0000000142218335-0306-s_lc.fits
376667947,13.1826,3182.0,0.324304,0.304518,54.6912,tess2026137223500-s0104-0000000376667947-0306-s_lc.fits,https://mast.stsci.edu/api/v0.1/Download/file/?uri=mast:TESS/product/tess2026137223500-s0104-0000000376667947-0306-s_lc.fits
259291370,12.3089,3308.0,0.324625,0.304888,39.8702,tess2026137223500-s0104-0000000259291370-0306-s_lc.fits,https://mast.stsci.edu/api/v0.1/Download/file/?uri=mast:TESS/product/tess2026137223500-s0104-0000000259291370-0306-s_lc.fits
231058925,13.1708,3064.0,0.324724,0.305002,51.1461,tess2026137223500-s0104-0000000231058925-0306-s_lc.fits,https://mast.stsci.edu/api/v0.1/Download/file/?uri=mast:TESS/product/tess2026137223500-s0104-0000000231058925-0306-s_lc.fits
23211639,13.7247,3174.0,0.325179,0.305527,70.6914,tess2026137223500-s0104-0000000023211639-0306-s_lc.fits,https://mast.stsci.edu/api/v0.1/Download/file/?uri=mast:TESS/product/tess2026137223500-s0104-0000000023211639-0306-s_lc.fits
201287746,9.72669,3381.0,0.327445,0.308141,12.7969,tess2026137223500-s0104-0000000201287746-0306-s_lc.fits,https://mast.stsci.edu/api/v0.1/Download/file/?uri=mast:TESS/product/tess2026137223500-s0104-0000000201287746-0306-s_lc.fits
129781877,12.1944,3261.0,0.327767,0.308514,36.9518,tess2026137223500-s0104-0000000129781877-0306-s_lc.fits,https://mast.stsci.edu/api/v0.1/Download/file/?uri=mast:TESS/product/tess2026137223500-s0104-0000000129781877-0306-s_lc.fits
64350150,13.6186,3401.0,0.32852,0.309382,77.6017,tess2026137223500-s0104-0000000064350150-0306-s_lc.fits,https://mast.stsci.edu/api/v0.1/Download/file/?uri=mast:TESS/product/tess2026137223500-s0104-0000000064350150-0306-s_lc.fits
118409165,12.9677,3160.0,0.328794,0.309699,49.9483,tess2026137223500-s0104-0000000118409165-0306-s_lc.fits,https://mast.stsci.edu/api/v0.1/Download/file/?uri=mast:TESS/product/tess2026137223500-s0104-0000000118409165-0306-s_lc.fits
260817968,13.8187,3478.0,0.328949,0.309878,88.1,tess2026137223500-s0104-0000000260817968-0306-s_lc.fits,https://mast.stsci.edu/api/v0.1/Download/file/?uri=mast:TESS/product/tess2026137223500-s0104-0000000260817968-0306-s_lc.fits
57250741,13.8195,3303.0,0.330051,0.311151,79.9065,tess2026137223500-s0104-0000000057250741-0306-s_lc.fits,https://mast.stsci.edu/api/v0.1/Download/file/?uri=mast:TESS/product/tess2026137223500-s0104-0000000057250741-0306-s_lc.fits
158512708,12.8978,3328.0,0.330879,0.312108,53.2519,tess2026137223500-s0104-0000000158512708-0306-s_lc.fits,https://mast.stsci.edu/api/v0.1/Download/file/?uri=mast:TESS/product/tess2026137223500-s0104-0000000158512708-0306-s_lc.fits
304937184,13.582,3388.0,0.332074,0.313488,76.5744,tess2026137223500-s0104-0000000304937184-0306-s_lc.fits,https://mast.stsci.edu/api/v0.1/Download/file/?uri=mast:TESS/product/tess2026137223500-s0104-0000000304937184-0306-s_lc.fits
319739812,12.9857,2999.0,0.333227,0.314819,47.9025,tess2026137223500-s0104-0000000319739812-0306-s_lc.fits,https://mast.stsci.edu/api/v0.1/Download/file/?uri=mast:TESS/product/tess2026137223500-s0104-0000000319739812-0306-s_lc.fits
183588878,12.7319,3361.0,0.333378,0.314994,88.48361,tess2026137223500-s0104-0000000183588878-0306-s_lc.fits,https://mast.stsci.edu/api/v0.1/Download/file/?uri=mast:TESS/product/tess2026137223500-s0104-0000000183588878-0306-s_lc.fits
229145080,13.8724,3309.0,0.33651,0.318614,81.8603,tess2026137223500-s0104-0000000229145080-0306-s_lc.fits,https://mast.stsci.edu/api/v0.1/Download/file/?uri=mast:TESS/product/tess2026137223500-s0104-0000000229145080-0306-s_lc.fits
303375968,13.8969,3389.0,0.336865,0.319024,90.0005,tess2026137223500-s0104-0000000303375968-0306-s_lc.fits,https://mast.stsci.edu/api/v0.1/Download/file/?uri=mast:TESS/product/tess2026137223500-s0104-0000000303375968-0306-s_lc.fits
323761729,13.1638,3578.0,0.337073,0.319265,68.3252,tess2026137223500-s0104-0000000323761729-0306-s_lc.fits,https://mast.stsci.edu/api/v0.1/Download/file/?uri=mast:TESS/product/tess2026137223500-s0104-0000000323761729-0306-s_lc.fits
91611340,11.1888,3468.0,0.337274,0.319497,26.6627,tess2026137223500-s0104-0000000091611340-0306-s_lc.fits,https://mast.stsci.edu/api/v0.1/Download/file/?uri=mast:TESS/product/tess2026137223500-s0104-0000000091611340-0306-s_lc.fits
238813498,10.2349,3411.0,0.337647,0.319928,16.6688,tess2026137223500-s0104-0000000238813498-0306-s_lc.fits,https://mast.stsci.edu/api/v0.1/Download/file/?uri=mast:TESS/product/tess2026137223500-s0104-0000000238813498-0306-s_lc.fits
464520188,13.6278,3124.0,0.337833,0.320143,,tess2026137223500-s0104-0000000464520188-0306-s_lc.fits,https://mast.stsci.edu/api/v0.1/Download/file/?uri=mast:TESS/product/tess2026137223500-s0104-0000000464520188-0306-s_lc.fits
316854083,12.5777,3195.0,0.339047,0.321546,44.2134,tess2026137223500-s0104-0000000316854083-0306-s_lc.fits,https://mast.stsci.edu/api/v0.1/Download/file/?uri=mast:TESS/product/tess2026137223500-s0104-0000000316854083-0306-s_lc.fits
319245859,13.08,3384.0,0.340052,0.322709,61.1455,tess2026137223500-s0104-0000000319245859-0306-s_lc.fits,https://mast.stsci.edu/api/v0.1/Download/file/?uri=mast:TESS/product/tess2026137223500-s0104-0000000319245859-0306-s_lc.fits
182899052,13.8368,3295.0,0.342352,0.325368,82.5727,tess2026137223500-s0104-0000000182899052-0306-s_lc.fits,https://mast.stsci.edu/api/v0.1/Download/file/?uri=mast:TESS/product/tess2026137223500-s0104-0000000182899052-0306-s_lc.fits
348695903,13.3588,3366.0,0.344727,0.328113,70.1794,tess2026137223500-s0104-0000000348695903-0306-s_lc.fits,https://mast.stsci.edu/api/v0.1/Download/file/?uri=mast:TESS/product/tess2026137223500-s0104-0000000348695903-0306-s_lc.fits
218687058,13.8983,3371.0,0.345537,0.329049,89.8444,tess2026137223500-s0104-0000000218687058-0306-s_lc.fits,https://mast.stsci.edu/api/v0.1/Download/file/?uri=mast:TESS/product/tess2026137223500-s0104-0000000218687058-0306-s_lc.fits
231708319,11.9631,3350.0,0.346346,0.329984,37.7025,tess2026137223500-s0104-0000000231708319-0306-s_lc.fits,https://mast.stsci.edu/api/v0.1/Download/file/?uri=mast:TESS/product/tess2026137223500-s0104-0000000231708319-0306-s_lc.fits
237910557,12.8524,3132.0,0.346589,0.330266,50.5073,tess2026137223500-s0104-0000000237910557-0306-s_lc.fits,https://mast.stsci.edu/api/v0.1/Download/file/?uri=mast:TESS/product/tess2026137223500-s0104-0000000237910557-0306-s_lc.fits
193831684,13.028,3088.0,0.347213,0.330987,51.4682,tess2026137223500-s0104-0000000193831684-0306-s_lc.fits,https://mast.stsci.edu/api/v0.1/Download/file/?uri=mast:TESS/product/tess2026137223500-s0104-0000000193831684-0306-s_lc.fits
229147922,12.2264,3225.0,0.347371,0.331169,38.993,tess2026137223500-s0104-0000000229147922-0306-s_lc.fits,https://mast.stsci.edu/api/v0.1/Download/file/?uri=mast:TESS/product/tess2026137223500-s0104-0000000229147922-0306-s_lc.fits
363404040,12.732,3320.0,0.347435,0.331243,51.9384,tess2026137223500-s0104-0000000363404040-0306-s_lc.fits,https://mast.stsci.edu/api/v0.1/Download/file/?uri=mast:TESS/product/tess2026137223500-s0104-0000000363404040-0306-s_lc.fits
61383924,11.8872,3124.0,0.348647,0.332645,,tess2026137223500-s0104-0000000061383924-0306-s_lc.fits,https://mast.stsci.edu/api/v0.1/Download/file/?uri=mast:TESS/product/tess2026137223500-s0104-0000000061383924-0306-s_lc.fits
74056224,13.2539,3249.0,0.349824,0.334004,64.84,tess2026137223500-s0104-0000000074056224-0306-s_lc.fits,https://mast.stsci.edu/api/v0.1/Download/file/?uri=mast:TESS/product/tess2026137223500-s0104-0000000074056224-0306-s_lc.fits
67630561,12.1483,3184.0,0.350373,0.334639,38.2388,tess2026137223500-s0104-0000000067630561-0306-s_lc.fits,https://mast.stsci.edu/api/v0.1/Download/file/?uri=mast:TESS/product/tess2026137223500-s0104-0000000067630561-0306-s_lc.fits
327710327,11.5442,3491.0,0.350476,0.334758,33.6407,tess2026137223500-s0104-0000000327710327-0306-s_lc.fits,https://mast.stsci.edu/api/v0.1/Download/file/?uri=mast:TESS/product/tess2026137223500-s0104-0000000327710327-0306-s_lc.fits
394017574,12.0817,3568.0,0.351628,0.336089,45.8846,tess2026137223500-s0104-0000000394017574-0306-s_lc.fits,https://mast.stsci.edu/api/v0.1/Download/file/?uri=mast:TESS/product/tess2026137223500-s0104-0000000394017574-0306-s_lc.fits
215335270,13.8275,3401.0,0.351821,0.336312,91.7843,tess2026137223500-s0104-0000000215335270-0306-s_lc.fits,https://mast.stsci.edu/api/v0.1/Download/file/?uri=mast:TESS/product/tess2026137223500-s0104-0000000215335270-0306-s_lc.fits
41995668,13.438,3397.0,0.352225,0.336778,76.1726,tess2026137223500-s0104-0000000041995668-0306-s_lc.fits,https://mast.stsci.edu/api/v0.1/Download/file/?uri=mast:TESS/product/tess2026137223500-s0104-0000000041995668-0306-s_lc.fits
60629935,13.5771,3388.0,0.352281,0.336844,81.3742,tess2026137223500-s0104-0000000060629935-0306-s_lc.fits,https://mast.stsci.edu/api/v0.1/Download/file/?uri=mast:TESS/product/tess2026137223500-s0104-0000000060629935-0306-s_lc.fits
231907750,13.9288,3151.0,0.352398,0.336978,84.2303,tess2026137223500-s0104-0000000231907750-0306-s_lc.fits,https://mast.stsci.edu/api/v0.1/Download/file/?uri=mast:TESS/product/tess2026137223500-s0104-0000000231907750-0306-s_lc.fits
394134586,10.2819,3461.0,0.352722,0.337353,18.7316,tess2026137223500-s0104-0000000394134586-0306-s_lc.fits,https://mast.stsci.edu/api/v0.1/Download/file/?uri=mast:TESS/product/tess2026137223500-s0104-0000000394134586-0306-s_lc.fits
326414365,13.5909,3294.0,0.355211,0.340227,78.0987,tess2026137223500-s0104-0000000326414365-0306-s_lc.fits,https://mast.stsci.edu/api/v0.1/Download/file/?uri=mast:TESS/product/tess2026137223500-s0104-0000000326414365-0306-s_lc.fits
150542444,13.2871,3368.0,0.356591,0.34182,71.6441,tess2026137223500-s0104-0000000150542444-0306-s_lc.fits,https://mast.stsci.edu/api/v0.1/Download/file/?uri=mast:TESS/product/tess2026137223500-s0104-0000000150542444-0306-s_lc.fits
355706079,13.8283,3352.0,0.356843,0.342111,90.1923,tess2026137223500-s0104-0000000355706079-0306-s_lc.fits,https://mast.stsci.edu/api/v0.1/Download/file/?uri=mast:TESS/product/tess2026137223500-s0104-0000000355706079-0306-s_lc.fits
425938795,12.138,3310.0,0.356976,0.342264,38.8486,tess2026137223500-s0104-0000000425938795-0306-s_lc.fits,https://mast.stsci.edu/api/v0.1/Download/file/?uri=mast:TESS/product/tess2026137223500-s0104-0000000425938795-0306-s_lc.fits
111733066,13.6194,3352.0,0.357799,0.343215,80.6578,tess2026137223500-s0104-0000000111733066-0306-s_lc.fits,https://mast.stsci.edu/api/v0.1/Download/file/?uri=mast:TESS/product/tess2026137223500-s0104-0000000111733066-0306-s_lc.fits
382416096,13.642,3339.0,0.357818,0.343237,83.3827,tess2026137223500-s0104-0000000382416096-0306-s_lc.fits,https://mast.stsci.edu/api/v0.1/Download/file/?uri=mast:TESS/product/tess2026137223500-s0104-0000000382416096-0306-s_lc.fits
122505769,12.5398,3204.0,0.358127,0.343593,47.0925,tess2026137223500-s0104-0000000122505769-0306-s_lc.fits,https://mast.stsci.edu/api/v0.1/Download/file/?uri=mast:TESS/product/tess2026137223500-s0104-0000000122505769-0306-s_lc.fits
61211640,12.4456,3639.0,0.358399,0.343907,55.1786,tess2026137223500-s0104-0000000061211640-0306-s_lc.fits,https://mast.stsci.edu/api/v0.1/Download/file/?uri=mast:TESS/product/tess2026137223500-s0104-0000000061211640-0306-s_lc.fits
424940697,10.3593,3345.0,0.359483,0.345158,18.3248,tess2026137223500-s0104-0000000424940697-0306-s_lc.fits,https://mast.stsci.edu/api/v0.1/Download/file/?uri=mast:TESS/product/tess2026137223500-s0104-0000000424940697-0306-s_lc.fits
74188694,10.0771,3352.0,0.359816,0.345542,16.3287,tess2026137223500-s0104-0000000074188694-0306-s_lc.fits,https://mast.stsci.edu/api/v0.1/Download/file/?uri=mast:TESS/product/tess2026137223500-s0104-0000000074188694-0306-s_lc.fits
201730394,13.21,3346.0,0.360079,0.345844,68.9851,tess2026137223500-s0104-0000000201730394-0306-s_lc.fits,https://mast.stsci.edu/api/v0.1/Download/file/?uri=mast:TESS/product/tess2026137223500-s0104-0000000201730394-0306-s_lc.fits
410213494,12.6627,3157.0,0.360781,0.346654,49.0267,tess2026137223500-s0104-0000000410213494-0306-s_lc.fits,https://mast.stsci.edu/api/v0.1/Download/file/?uri=mast:TESS/product/tess2026137223500-s0104-0000000410213494-0306-s_lc.fits
372442179,12.7162,3236.0,0.361688,0.3477,,tess2026137223500-s0104-0000000372442179-0306-s_lc.fits,https://mast.stsci.edu/api/v0.1/Download/file/?uri=mast:TESS/product/tess2026137223500-s0104-0000000372442179-0306-s_lc.fits
229807051,12.5024,3164.0,0.362244,0.348341,45.8853,tess2026137223500-s0104-0000000229807051-0306-s_lc.fits,https://mast.stsci.edu/api/v0.1/Download/file/?uri=mast:TESS/product/tess2026137223500-s0104-0000000229807051-0306-s_lc.fits
206358152,12.3284,3297.0,0.362758,0.348934,67.59318,tess2026137223500-s0104-0000000206358152-0306-s_lc.fits,https://mast.stsci.edu/api/v0.1/Download/file/?uri=mast:TESS/product/tess2026137223500-s0104-0000000206358152-0306-s_lc.fits
216969561,13.6044,3375.0,0.363425,0.38,78.6665,tess2026137223500-s0104-0000000216969561-0306-s_lc.fits,https://mast.stsci.edu/api/v0.1/Download/file/?uri=mast:TESS/product/tess2026137223500-s0104-0000000216969561-0306-s_lc.fits
394417221,12.5272,3142.0,0.363484,0.34977,45.4535,tess2026137223500-s0104-0000000394417221-0306-s_lc.fits,https://mast.stsci.edu/api/v0.1/Download/file/?uri=mast:TESS/product/tess2026137223500-s0104-0000000394417221-0306-s_lc.fits
55164463,13.8062,3431.0,0.363618,0.349924,94.8355,tess2026137223500-s0104-0000000055164463-0306-s_lc.fits,https://mast.stsci.edu/api/v0.1/Download/file/?uri=mast:TESS/product/tess2026137223500-s0104-0000000055164463-0306-s_lc.fits
231632372,12.6679,3162.0,0.364566,0.351017,50.2361,tess2026137223500-s0104-0000000231632372-0306-s_lc.fits,https://mast.stsci.edu/api/v0.1/Download/file/?uri=mast:TESS/product/tess2026137223500-s0104-0000000231632372-0306-s_lc.fits
261283885,11.6224,3300.0,0.365184,0.351728,33.0032,tess2026137223500-s0104-0000000261283885-0306-s_lc.fits,https://mast.stsci.edu/api/v0.1/Download/file/?uri=mast:TESS/product/tess2026137223500-s0104-0000000261283885-0306-s_lc.fits
354606420,11.8718,3325.0,0.365383,0.351957,37.3472,tess2026137223500-s0104-0000000354606420-0306-s_lc.fits,https://mast.stsci.edu/api/v0.1/Download/file/?uri=mast:TESS/product/tess2026137223500-s0104-0000000354606420-0306-s_lc.fits
120242676,11.4595,3579.0,0.365609,0.352217,34.5304,tess2026137223500-s0104-0000000120242676-0306-s_lc.fits,https://mast.stsci.edu/api/v0.1/Download/file/?uri=mast:TESS/product/tess2026137223500-s0104-0000000120242676-0306-s_lc.fits
406115587,12.9587,3342.0,0.366722,0.353499,61.6441,tess2026137223500-s0104-0000000406115587-0306-s_lc.fits,https://mast.stsci.edu/api/v0.1/Download/file/?uri=mast:TESS/product/tess2026137223500-s0104-0000000406115587-0306-s_lc.fits
370016739,13.3831,3345.0,0.368192,0.35519,75.4947,tess2026137223500-s0104-0000000370016739-0306-s_lc.fits,https://mast.stsci.edu/api/v0.1/Download/file/?uri=mast:TESS/product/tess2026137223500-s0104-0000000370016739-0306-s_lc.fits
41993553,13.955,3312.0,0.368425,0.355458,96.8876,tess2026137223500-s0104-0000000041993553-0306-s_lc.fits,https://mast.stsci.edu/api/v0.1/Download/file/?uri=mast:TESS/product/tess2026137223500-s0104-0000000041993553-0306-s_lc.fits
122521867,13.0794,3381.0,0.369184,0.356331,67.7352,tess2026137223500-s0104-0000000122521867-0306-s_lc.fits,https://mast.stsci.edu/api/v0.1/Download/file/?uri=mast:TESS/product/tess2026137223500-s0104-0000000122521867-0306-s_lc.fits
158596311,12.28,3159.0,0.369625,0.356838,43.3191,tess2026137223500-s0104-0000000158596311-0306-s_lc.fits,https://mast.stsci.edu/api/v0.1/Download/file/?uri=mast:TESS/product/tess2026137223500-s0104-0000000158596311-0306-s_lc.fits
197963243,11.5884,3409.0,0.369827,0.35707,34.9127,tess2026137223500-s0104-0000000197963243-0306-s_lc.fits,https://mast.stsci.edu/api/v0.1/Download/file/?uri=mast:TESS/product/tess2026137223500-s0104-0000000197963243-0306-s_lc.fits
146636926,11.4694,3334.0,0.370471,0.357811,31.78,tess2026137223500-s0104-0000000146636926-0306-s_lc.fits,https://mast.stsci.edu/api/v0.1/Download/file/?uri=mast:TESS/product/tess2026137223500-s0104-0000000146636926-0306-s_lc.fits
259938968,13.4497,3447.0,0.370678,0.358049,80.8845,tess2026137223500-s0104-0000000259938968-0306-s_lc.fits,https://mast.stsci.edu/api/v0.1/Download/file/?uri=mast:TESS/product/tess2026137223500-s0104-0000000259938968-0306-s_lc.fits
161175802,13.0752,3266.0,0.371918,0.359473,63.7864,tess2026137223500-s0104-0000000161175802-0306-s_lc.fits,https://mast.stsci.edu/api/v0.1/Download/file/?uri=mast:TESS/product/tess2026137223500-s0104-0000000161175802-0306-s_lc.fits
122555956,13.3428,3264.0,0.372376,0.359999,72.982,tess2026137223500-s0104-0000000122555956-0306-s_lc.fits,https://mast.stsci.edu/api/v0.1/Download/file/?uri=mast:TESS/product/tess2026137223500-s0104-0000000122555956-0306-s_lc.fits
229141941,12.2161,3278.0,0.372439,0.360072,43.7029,tess2026137223500-s0104-0000000229141941-0306-s_lc.fits,https://mast.stsci.edu/api/v0.1/Download/file/?uri=mast:TESS/product/tess2026137223500-s0104-0000000229141941-0306-s_lc.fits
281596686,12.8098,3311.0,0.372616,0.360275,58.8539,tess2026137223500-s0104-0000000281596686-0306-s_lc.fits,https://mast.stsci.edu/api/v0.1/Download/file/?uri=mast:TESS/product/tess2026137223500-s0104-0000000281596686-0306-s_lc.fits
355601331,12.2775,3337.0,0.37397,0.361829,47.2501,tess2026137223500-s0104-0000000355601331-0306-s_lc.fits,https://mast.stsci.edu/api/v0.1/Download/file/?uri=mast:TESS/product/tess2026137223500-s0104-0000000355601331-0306-s_lc.fits
404030766,10.8067,3554.0,0.37466,0.362621,26.7198,tess2026137223500-s0104-0000000404030766-0306-s_lc.fits,https://mast.stsci.edu/api/v0.1/Download/file/?uri=mast:TESS/product/tess2026137223500-s0104-0000000404030766-0306-s_lc.fits
261039759,12.927,3397.0,0.374734,0.362706,63.9947,tess2026137223500-s0104-0000000261039759-0306-s_lc.fits,https://mast.stsci.edu/api/v0.1/Download/file/?uri=mast:TESS/product/tess2026137223500-s0104-0000000261039759-0306-s_lc.fits
316467276,12.1489,3298.0,0.374764,0.36274,42.6372,tess2026137223500-s0104-0000000316467276-0306-s_lc.fits,https://mast.stsci.edu/api/v0.1/Download/file/?uri=mast:TESS/product/tess2026137223500-s0104-0000000316467276-0306-s_lc.fits
139804696,12.5071,3149.0,0.375811,0.363941,,tess2026137223500-s0104-0000000139804696-0306-s_lc.fits,https://mast.stsci.edu/api/v0.1/Download/file/?uri=mast:TESS/product/tess2026137223500-s0104-0000000139804696-0306-s_lc.fits
179678364,11.1698,3484.0,0.376662,0.364917,30.2564,tess2026137223500-s0104-0000000179678364-0306-s_lc.fits,https://mast.stsci.edu/api/v0.1/Download/file/?uri=mast:TESS/product/tess2026137223500-s0104-0000000179678364-0306-s_lc.fits
101509239,13.0059,3426.0,0.377346,0.365701,69.0295,tess2026137223500-s0104-0000000101509239-0306-s_lc.fits,https://mast.stsci.edu/api/v0.1/Download/file/?uri=mast:TESS/product/tess2026137223500-s0104-0000000101509239-0306-s_lc.fits
62118520,10.7071,3516.0,0.377366,0.365723,24.9611,tess2026137223500-s0104-0000000062118520-0306-s_lc.fits,https://mast.stsci.edu/api/v0.1/Download/file/?uri=mast:TESS/product/tess2026137223500-s0104-0000000062118520-0306-s_lc.fits
311403944,10.6327,3429.0,0.377471,0.42,21.7453,tess2026137223500-s0104-0000000311403944-0306-s_lc.fits,https://mast.stsci.edu/api/v0.1/Download/file/?uri=mast:TESS/product/tess2026137223500-s0104-0000000311403944-0306-s_lc.fits
397028897,13.3571,3591.0,0.377546,0.36593,88.6199,tess2026137223500-s0104-0000000397028897-0306-s_lc.fits,https://mast.stsci.edu/api/v0.1/Download/file/?uri=mast:TESS/product/tess2026137223500-s0104-0000000397028897-0306-s_lc.fits
234295610,12.5068,3161.0,0.378005,0.366455,48.174,tess2026137223500-s0104-0000000234295610-0306-s_lc.fits,https://mast.stsci.edu/api/v0.1/Download/file/?uri=mast:TESS/product/tess2026137223500-s0104-0000000234295610-0306-s_lc.fits
90556514,13.3362,3520.0,0.378026,0.366479,83.9543,tess2026137223500-s0104-0000000090556514-0306-s_lc.fits,https://mast.stsci.edu/api/v0.1/Download/file/?uri=mast:TESS/product/tess2026137223500-s0104-0000000090556514-0306-s_lc.fits
32399025,11.7707,3421.0,0.378083,0.366545,65.51618,tess2026137223500-s0104-0000000032399025-0306-s_lc.fits,https://mast.stsci.edu/api/v0.1/Download/file/?uri=mast:TESS/product/tess2026137223500-s0104-0000000032399025-0306-s_lc.fits
56505002,13.8979,3400.0,0.37901,0.367606,102.495,tess2026137223500-s0104-0000000056505002-0306-s_lc.fits,https://mast.stsci.edu/api/v0.1/Download/file/?uri=mast:TESS/product/tess2026137223500-s0104-0000000056505002-0306-s_lc.fits
97468763,10.7898,3360.0,0.379418,0.368074,24.6211,tess2026137223500-s0104-0000000097468763-0306-s_lc.fits,https://mast.stsci.edu/api/v0.1/Download/file/?uri=mast:TESS/product/tess2026137223500-s0104-0000000097468763-0306-s_lc.fits
23108331,11.8459,3434.0,0.380568,0.369389,41.1346,tess2026137223500-s0104-0000000023108331-0306-s_lc.fits,https://mast.stsci.edu/api/v0.1/Download/file/?uri=mast:TESS/product/tess2026137223500-s0104-0000000023108331-0306-s_lc.fits
80261924,12.4936,3325.0,0.380817,0.369673,52.5743,tess2026137223500-s0104-0000000080261924-0306-s_lc.fits,https://mast.stsci.edu/api/v0.1/Download/file/?uri=mast:TESS/product/tess2026137223500-s0104-0000000080261924-0306-s_lc.fits
100565855,12.8733,3302.0,0.381837,0.370839,62.3273,tess2026137223500-s0104-0000000100565855-0306-s_lc.fits,https://mast.stsci.edu/api/v0.1/Download/file/?uri=mast:TESS/product/tess2026137223500-s0104-0000000100565855-0306-s_lc.fits
121259816,13.8157,3392.0,0.382415,0.3715,101.843,tess2026137223500-s0104-0000000121259816-0306-s_lc.fits,https://mast.stsci.edu/api/v0.1/Download/file/?uri=mast:TESS/product/tess2026137223500-s0104-0000000121259816-0306-s_lc.fits
67584421,13.5553,3454.0,0.384357,0.373718,93.839,tess2026137223500-s0104-0000000067584421-0306-s_lc.fits,https://mast.stsci.edu/api/v0.1/Download/file/?uri=mast:TESS/product/tess2026137223500-s0104-0000000067584421-0306-s_lc.fits
52572837,13.7245,3430.0,0.385233,0.374718,98.3259,tess2026137223500-s0104-0000000052572837-0306-s_lc.fits,https://mast.stsci.edu/api/v0.1/Download/file/?uri=mast:TESS/product/tess2026137223500-s0104-0000000052572837-0306-s_lc.fits
291319954,12.6572,3469.0,0.385275,0.374766,62.8535,tess2026137223500-s0104-0000000291319954-0306-s_lc.fits,https://mast.stsci.edu/api/v0.1/Download/file/?uri=mast:TESS/product/tess2026137223500-s0104-0000000291319954-0306-s_lc.fits
118529448,13.452,3164.0,0.385329,0.374827,76.0339,tess2026137223500-s0104-0000000118529448-0306-s_lc.fits,https://mast.stsci.edu/api/v0.1/Download/file/?uri=mast:TESS/product/tess2026137223500-s0104-0000000118529448-0306-s_lc.fits
329267338,13.7686,3423.0,0.385437,0.374951,99.2583,tess2026137223500-s0104-0000000329267338-0306-s_lc.fits,https://mast.stsci.edu/api/v0.1/Download/file/?uri=mast:TESS/product/tess2026137223500-s0104-0000000329267338-0306-s_lc.fits
340785960,13.4945,3547.0,0.386731,0.376426,94.5057,tess2026137223500-s0104-0000000340785960-0306-s_lc.fits,https://mast.stsci.edu/api/v0.1/Download/file/?uri=mast:TESS/product/tess2026137223500-s0104-0000000340785960-0306-s_lc.fits
213159592,13.9763,3147.0,0.386853,0.376565,97.9573,tess2026137223500-s0104-0000000213159592-0306-s_lc.fits,https://mast.stsci.edu/api/v0.1/Download/file/?uri=mast:TESS/product/tess2026137223500-s0104-0000000213159592-0306-s_lc.fits
182230190,13.3027,3422.0,0.387246,0.377012,81.0233,tess2026137223500-s0104-0000000182230190-0306-s_lc.fits,https://mast.stsci.edu/api/v0.1/Download/file/?uri=mast:TESS/product/tess2026137223500-s0104-0000000182230190-0306-s_lc.fits
382469629,11.7587,3539.0,0.387578,0.377391,41.9463,tess2026137223500-s0104-0000000382469629-0306-s_lc.fits,https://mast.stsci.edu/api/v0.1/Download/file/?uri=mast:TESS/product/tess2026137223500-s0104-0000000382469629-0306-s_lc.fits
291319960,12.6495,3465.0,0.387663,0.377488,62.7218,tess2026137223500-s0104-0000000291319960-0306-s_lc.fits,https://mast.stsci.edu/api/v0.1/Download/file/?uri=mast:TESS/product/tess2026137223500-s0104-0000000291319960-0306-s_lc.fits
406240485,12.5356,3149.0,0.38814,0.378031,49.1263,tess2026137223500-s0104-0000000406240485-0306-s_lc.fits,https://mast.stsci.edu/api/v0.1/Download/file/?uri=mast:TESS/product/tess2026137223500-s0104-0000000406240485-0306-s_lc.fits
278658834,13.0983,3259.0,0.388818,0.378803,66.176,tess2026137223500-s0104-0000000278658834-0306-s_lc.fits,https://mast.stsci.edu/api/v0.1/Download/file/?uri=mast:TESS/product/tess2026137223500-s0104-0000000278658834-0306-s_lc.fits
464518474,13.5925,3237.0,0.389282,0.379331,,tess2026137223500-s0104-0000000464518474-0306-s_lc.fits,https://mast.stsci.edu/api/v0.1/Download/file/?uri=mast:TESS/product/tess2026137223500-s0104-0000000464518474-0306-s_lc.fits
146284309,13.9659,3452.0,0.389805,0.379925,112.859,tess2026137223500-s0104-0000000146284309-0306-s_lc.fits,https://mast.stsci.edu/api/v0.1/Download/file/?uri=mast:TESS/product/tess2026137223500-s0104-0000000146284309-0306-s_lc.fits
17399504,13.7656,3070.0,0.390278,0.380464,85.7872,tess2026137223500-s0104-0000000017399504-0306-s_lc.fits,https://mast.stsci.edu/api/v0.1/Download/file/?uri=mast:TESS/product/tess2026137223500-s0104-0000000017399504-0306-s_lc.fits
355509155,11.6867,3286.0,0.390586,0.380814,36.1967,tess2026137223500-s0104-0000000355509155-0306-s_lc.fits,https://mast.stsci.edu/api/v0.1/Download/file/?uri=mast:TESS/product/tess2026137223500-s0104-0000000355509155-0306-s_lc.fits
23596779,13.5887,3453.0,0.391892,0.382298,94.659,tess2026137223500-s0104-0000000023596779-0306-s_lc.fits,https://mast.stsci.edu/api/v0.1/Download/file/?uri=mast:TESS/product/tess2026137223500-s0104-0000000023596779-0306-s_lc.fits
59675401,13.485,3221.0,0.394561,0.385327,73.1501,tess2026137223500-s0104-0000000059675401-0306-s_lc.fits,https://mast.stsci.edu/api/v0.1/Download/file/?uri=mast:TESS/product/tess2026137223500-s0104-0000000059675401-0306-s_lc.fits
231620211,13.1057,3299.0,0.394601,0.385372,70.8391,tess2026137223500-s0104-0000000231620211-0306-s_lc.fits,https://mast.stsci.edu/api/v0.1/Download/file/?uri=mast:TESS/product/tess2026137223500-s0104-0000000231620211-0306-s_lc.fits
143514367,12.7135,3506.0,0.394983,0.385805,65.4067,tess2026137223500-s0104-0000000143514367-0306-s_lc.fits,https://mast.stsci.edu/api/v0.1/Download/file/?uri=mast:TESS/product/tess2026137223500-s0104-0000000143514367-0306-s_lc.fits
96749610,13.6926,3334.0,0.39523,0.386085,95.6266,tess2026137223500-s0104-0000000096749610-0306-s_lc.fits,https://mast.stsci.edu/api/v0.1/Download/file/?uri=mast:TESS/product/tess2026137223500-s0104-0000000096749610-0306-s_lc.fits
308227026,13.5487,3454.0,0.395592,0.386495,96.5826,tess2026137223500-s0104-0000000308227026-0306-s_lc.fits,https://mast.stsci.edu/api/v0.1/Download/file/?uri=mast:TESS/product/tess2026137223500-s0104-0000000308227026-0306-s_lc.fits
41862291,12.4293,3412.0,0.395788,0.386717,,tess2026137223500-s0104-0000000041862291-0306-s_lc.fits,https://mast.stsci.edu/api/v0.1/Download/file/?uri=mast:TESS/product/tess2026137223500-s0104-0000000041862291-0306-s_lc.fits
129765327,13.3548,3383.0,0.395789,0.386718,84.7973,tess2026137223500-s0104-0000000129765327-0306-s_lc.fits,https://mast.stsci.edu/api/v0.1/Download/file/?uri=mast:TESS/product/tess2026137223500-s0104-0000000129765327-0306-s_lc.fits
270314550,12.2387,3458.0,0.396315,0.387314,52.5701,tess2026137223500-s0104-0000000270314550-0306-s_lc.fits,https://mast.stsci.edu/api/v0.1/Download/file/?uri=mast:TESS/product/tess2026137223500-s0104-0000000270314550-0306-s_lc.fits
7315511,13.2834,3692.0,0.396893,0.55,94.0946,tess2026137223500-s0104-0000000007315511-0306-s_lc.fits,https://mast.stsci.edu/api/v0.1/Download/file/?uri=mast:TESS/product/tess2026137223500-s0104-0000000007315511-0306-s_lc.fits
326599544,13.8949,3265.0,0.396972,0.388057,101.13,tess2026137223500-s0104-0000000326599544-0306-s_lc.fits,https://mast.stsci.edu/api/v0.1/Download/file/?uri=mast:TESS/product/tess2026137223500-s0104-0000000326599544-0306-s_lc.fits
115319926,13.3633,3423.0,0.39801,0.389232,88.5053,tess2026137223500-s0104-0000000115319926-0306-s_lc.fits,https://mast.stsci.edu/api/v0.1/Download/file/?uri=mast:TESS/product/tess2026137223500-s0104-0000000115319926-0306-s_lc.fits
102071750,12.0482,3268.0,0.400067,0.391556,43.3419,tess2026137223500-s0104-0000000102071750-0306-s_lc.fits,https://mast.stsci.edu/api/v0.1/Download/file/?uri=mast:TESS/product/tess2026137223500-s0104-0000000102071750-0306-s_lc.fits
155897369,10.3184,3568.0,0.401233,0.392871,23.6794,tess2026137223500-s0104-0000000155897369-0306-s_lc.fits,https://mast.stsci.edu/api/v0.1/Download/file/?uri=mast:TESS/product/tess2026137223500-s0104-0000000155897369-0306-s_lc.fits
303921057,12.8892,3452.0,0.402247,0.394014,71.3531,tess2026137223500-s0104-0000000303921057-0306-s_lc.fits,https://mast.stsci.edu/api/v0.1/Download/file/?uri=mast:TESS/product/tess2026137223500-s0104-0000000303921057-0306-s_lc.fits
260754594,13.2426,3293.0,0.402483,0.394281,78.2617,tess2026137223500-s0104-0000000260754594-0306-s_lc.fits,https://mast.stsci.edu/api/v0.1/Download/file/?uri=mast:TESS/product/tess2026137223500-s0104-0000000260754594-0306-s_lc.fits
219993473,12.2209,3132.0,0.402548,0.394355,45.2108,tess2026137223500-s0104-0000000219993473-0306-s_lc.fits,https://mast.stsci.edu/api/v0.1/Download/file/?uri=mast:TESS/product/tess2026137223500-s0104-0000000219993473-0306-s_lc.fits
120334442,12.4769,3139.0,0.402555,0.394362,51.6478,tess2026137223500-s0104-0000000120334442-0306-s_lc.fits,https://mast.stsci.edu/api/v0.1/Download/file/?uri=mast:TESS/product/tess2026137223500-s0104-0000000120334442-0306-s_lc.fits
231910539,12.069,3179.0,0.402849,0.394693,43.318,tess2026137223500-s0104-0000000231910539-0306-s_lc.fits,https://mast.stsci.edu/api/v0.1/Download/file/?uri=mast:TESS/product/tess2026137223500-s0104-0000000231910539-0306-s_lc.fits
270314548,12.1782,3464.0,0.403072,0.394945,52.4307,tess2026137223500-s0104-0000000270314548-0306-s_lc.fits,https://mast.stsci.edu/api/v0.1/Download/file/?uri=mast:TESS/product/tess2026137223500-s0104-0000000270314548-0306-s_lc.fits
60893065,13.5956,3522.0,0.403431,0.395349,102.069,tess2026137223500-s0104-0000000060893065-0306-s_lc.fits,https://mast.stsci.edu/api/v0.1/Download/file/?uri=mast:TESS/product/tess2026137223500-s0104-0000000060893065-0306-s_lc.fits
230982053,12.1364,3174.0,0.404185,0.396197,44.8708,tess2026137223500-s0104-0000000230982053-0306-s_lc.fits,https://mast.stsci.edu/api/v0.1/Download/file/?uri=mast:TESS/product/tess2026137223500-s0104-0000000230982053-0306-s_lc.fits
139984208,12.0395,3231.0,0.40496,0.397069,44.408,tess2026137223500-s0104-0000000139984208-0306-s_lc.fits,https://mast.stsci.edu/api/v0.1/Download/file/?uri=mast:TESS/product/tess2026137223500-s0104-0000000139984208-0306-s_lc.fits
397318031,13.7352,3371.0,0.405794,0.398006,101.588,tess2026137223500-s0104-0000000397318031-0306-s_lc.fits,https://mast.stsci.edu/api/v0.1/Download/file/?uri=mast:TESS/product/tess2026137223500-s0104-0000000397318031-0306-s_lc.fits
390382159,13.619,3317.0,0.406007,0.398246,91.6519,tess2026137223500-s0104-0000000390382159-0306-s_lc.fits,https://mast.stsci.edu/api/v0.1/Download/file/?uri=mast:TESS/product/tess2026137223500-s0104-0000000390382159-0306-s_lc.fits
466169924,12.4606,3525.0,0.407019,0.47,58.7138,tess2026137223500-s0104-0000000466169924-0306-s_lc.fits,https://mast.stsci.edu/api/v0.1/Download/file/?uri=mast:TESS/product/tess2026137223500-s0104-0000000466169924-0306-s_lc.fits
238813187,12.187,3072.0,0.407027,0.399391,,tess2026137223500-s0104-0000000238813187-0306-s_lc.fits,https://mast.stsci.edu/api/v0.1/Download/file/?uri=mast:TESS/product/tess2026137223500-s0104-0000000238813187-0306-s_lc.fits
79019920,11.4962,3431.0,0.407186,0.399569,37.7055,tess2026137223500-s0104-0000000079019920-0306-s_lc.fits,https://mast.stsci.edu/api/v0.1/Download/file/?uri=mast:TESS/product/tess2026137223500-s0104-0000000079019920-0306-s_lc.fits
409252956,13.6658,3377.0,0.407658,0.400099,99.3277,tess2026137223500-s0104-0000000409252956-0306-s_lc.fits,https://mast.stsci.edu/api/v0.1/Download/file/?uri=mast:TESS/product/tess2026137223500-s0104-0000000409252956-0306-s_lc.fits
379510820,13.6324,3444.0,0.408861,0.401447,102.793,tess2026137223500-s0104-0000000379510820-0306-s_lc.fits,https://mast.stsci.edu/api/v0.1/Download/file/?uri=mast:TESS/product/tess2026137223500-s0104-0000000379510820-0306-s_lc.fits
320843407,12.435,3412.0,0.409907,0.402619,58.3221,tess2026137223500-s0104-0000000320843407-0306-s_lc.fits,https://mast.stsci.edu/api/v0.1/Download/file/?uri=mast:TESS/product/tess2026137223500-s0104-0000000320843407-0306-s_lc.fits
389727431,11.8197,3397.0,0.409951,0.402669,44.8017,tess2026137223500-s0104-0000000389727431-0306-s_lc.fits,https://mast.stsci.edu/api/v0.1/Download/file/?uri=mast:TESS/product/tess2026137223500-s0104-0000000389727431-0306-s_lc.fits
142350889,12.4666,3495.0,0.410145,0.46,57.9561,tess2026137223500-s0104-0000000142350889-0306-s_lc.fits,https://mast.stsci.edu/api/v0.1/Download/file/?uri=mast:TESS/product/tess2026137223500-s0104-0000000142350889-0306-s_lc.fits
49593683,13.4322,3435.0,0.410543,0.403331,93.783,tess2026137223500-s0104-0000000049593683-0306-s_lc.fits,https://mast.stsci.edu/api/v0.1/Download/file/?uri=mast:TESS/product/tess2026137223500-s0104-0000000049593683-0306-s_lc.fits
87610185,11.7176,3531.0,0.410646,0.403446,45.0058,tess2026137223500-s0104-0000000087610185-0306-s_lc.fits,https://mast.stsci.edu/api/v0.1/Download/file/?uri=mast:TESS/product/tess2026137223500-s0104-0000000087610185-0306-s_lc.fits
281599562,12.7358,3575.0,0.410736,0.403547,71.5477,tess2026137223500-s0104-0000000281599562-0306-s_lc.fits,https://mast.stsci.edu/api/v0.1/Download/file/?uri=mast:TESS/product/tess2026137223500-s0104-0000000281599562-0306-s_lc.fits
469947256,12.9133,3507.0,0.41121,0.404077,77.4567,tess2026137223500-s0104-0000000469947256-0306-s_lc.fits,https://mast.stsci.edu/api/v0.1/Download/file/?uri=mast:TESS/product/tess2026137223500-s0104-0000000469947256-0306-s_lc.fits
16229246,13.952,3367.0,0.411214,0.404081,116.055,tess2026137223500-s0104-0000000016229246-0306-s_lc.fits,https://mast.stsci.edu/api/v0.1/Download/file/?uri=mast:TESS/product/tess2026137223500-s0104-0000000016229246-0306-s_lc.fits
146247923,10.6728,3499.0,0.411699,0.404623,27.2988,tess2026137223500-s0104-0000000146247923-0306-s_lc.fits,https://mast.stsci.edu/api/v0.1/Download/file/?uri=mast:TESS/product/tess2026137223500-s0104-0000000146247923-0306-s_lc.fits
350223741,11.6235,3432.0,0.413064,0.406148,40.7429,tess2026137223500-s0104-0000000350223741-0306-s_lc.fits,https://mast.stsci.edu/api/v0.1/Download/file/?uri=mast:TESS/product/tess2026137223500-s0104-0000000350223741-0306-s_lc.fits
87610100,11.7214,3535.0,0.41399,0.407182,44.9101,tess2026137223500-s0104-0000000087610100-0306-s_lc.fits,https://mast.stsci.edu/api/v0.1/Download/file/?uri=mast:TESS/product/tess2026137223500-s0104-0000000087610100-0306-s_lc.fits
212648734,12.4461,3496.0,0.41422,0.407438,61.8963,tess2026137223500-s0104-0000000212648734-0306-s_lc.fits,https://mast.stsci.edu/api/v0.1/Download/file/?uri=mast:TESS/product/tess2026137223500-s0104-0000000212648734-0306-s_lc.fits
246726188,13.7473,3441.0,0.41505,0.408363,109.906,tess2026137223500-s0104-0000000246726188-0306-s_lc.fits,https://mast.stsci.edu/api/v0.1/Download/file/?uri=mast:TESS/product/tess2026137223500-s0104-0000000246726188-0306-s_lc.fits
404830441,13.5944,3338.0,0.415157,0.408481,98.69935,tess2026137223500-s0104-0000000404830441-0306-s_lc.fits,https://mast.stsci.edu/api/v0.1/Download/file/?uri=mast:TESS/product/tess2026137223500-s0104-0000000404830441-0306-s_lc.fits
75470298,13.8602,3429.0,0.415281,0.40862,115.383,tess2026137223500-s0104-0000000075470298-0306-s_lc.fits,https://mast.stsci.edu/api/v0.1/Download/file/?uri=mast:TESS/product/tess2026137223500-s0104-0000000075470298-0306-s_lc.fits
339210119,13.6689,3412.0,0.415282,0.408621,103.691,tess2026137223500-s0104-0000000339210119-0306-s_lc.fits,https://mast.stsci.edu/api/v0.1/Download/file/?uri=mast:TESS/product/tess2026137223500-s0104-0000000339210119-0306-s_lc.fits
